sim_step,imsi,dl_bps,dl_mbps,sinr_db,cqi,dl_buffer_bytes,dl_prb_granted,dl_prb_requested,dl_latency_ms
1,IMSI_0,24319852.94117647,24.31985294117647,1.2475763105024018,4.0,0.0,98.0,41.0,0.0
1,IMSI_1,24321822.478991598,24.3218224789916,7.184065993707111,7.0,0.0,53.0,22.0,0.0
2,IMSI_0,17371323.529411763,17.371323529411764,1.6179504510296807,4.0,0.0,70.0,41.0,0.0
2,IMSI_1,17438287.81512605,17.43828781512605,7.298559871990643,7.0,0.0,38.0,22.0,0.0
2,IMSI_2,17389705.88235294,17.389705882352942,5.013499613472216,6.0,0.0,43.0,25.0,0.0
3,IMSI_0,17371323.529411763,17.371323529411764,1.995400594601477,4.0,0.0,70.0,41.0,0.0
3,IMSI_1,17438287.81512605,17.43828781512605,7.402962061841372,7.0,0.0,38.0,22.0,0.0
3,IMSI_2,17389705.88235294,17.389705882352942,5.032618215557782,6.0,0.0,43.0,25.0,0.0
3,IMSI_3,8492647.05882353,8.492647058823529,6.0447703392676635,6.0,0.0,21.0,1.0,0.0
4,IMSI_0,17371323.529411763,17.371323529411764,2.3801381401872836,4.0,0.0,70.0,41.0,0.0
4,IMSI_1,17438287.81512605,17.43828781512605,7.496877296371788,7.0,0.0,38.0,22.0,0.0
4,IMSI_2,17389705.88235294,17.389705882352942,5.008082924516709,6.0,0.0,43.0,25.0,0.0
4,IMSI_3,8492647.05882353,8.492647058823529,5.408708633518326,6.0,0.0,21.0,1.0,0.0
4,IMSI_4,2724199.0546218487,2.724199054621849,-3.2420038463411065,2.0,0.0,43.0,16.0,0.0
5,IMSI_0,17049632.352941178,17.049632352941178,2.772377875539344,5.0,0.0,53.0,32.0,0.0
5,IMSI_1,16520483.19327731,16.52048319327731,7.57994010182303,7.0,0.0,36.0,22.0,0.0
5,IMSI_2,16580882.352941176,16.580882352941178,4.971770676044879,6.0,0.0,41.0,25.0,0.0
5,IMSI_3,2830882.3529411764,2.830882352941176,4.806544283248399,6.0,0.0,7.0,1.0,0.0
5,IMSI_4,2724199.0546218487,2.724199054621849,-3.1895619900642034,2.0,0.0,43.0,16.0,0.0
5,IMSI_5,17194065.12605042,17.194065126050422,15.857689401117767,11.0,0.0,20.0,12.0,0.0
5,IMSI_6,823595.06302521,0.82359506302521,-3.204407889622392,2.0,0.0,13.0,2.0,0.0
6,IMSI_0,14797794.11764706,14.79779411764706,3.172336976949132,5.0,0.0,46.0,32.0,0.0
6,IMSI_1,14684873.949579831,14.684873949579831,7.651819227488889,7.0,0.0,32.0,22.0,0.0
6,IMSI_2,14558823.529411765,14.558823529411764,4.957003105996679,6.0,0.0,36.0,25.0,0.0
6,IMSI_3,2251838.2352941176,2.2518382352941178,4.198767274938823,5.0,0.0,7.0,1.0,0.0
6,IMSI_4,1837250.525210084,1.837250525210084,-3.1403317950482377,2.0,0.0,29.0,16.0,0.0
6,IMSI_5,15474658.613445379,15.47465861344538,15.100611413551182,11.0,0.0,18.0,12.0,0.0
6,IMSI_6,823595.06302521,0.82359506302521,-3.2128631886745413,2.0,0.0,13.0,2.0,0.0
6,IMSI_7,1916032.0378151261,1.916032037815126,0.021366785980168685,3.0,0.0,13.0,7.0,0.0
6,IMSI_8,15474658.613445379,15.47465861344538,16.117563385871097,11.0,0.0,18.0,12.0,0.0
7,IMSI_0,15119485.294117646,15.119485294117647,3.5802337189856277,5.0,0.0,47.0,32.0,0.0
7,IMSI_1,14684873.949579831,14.684873949579831,7.712221826367002,7.0,0.0,32.0,22.0,0.0
7,IMSI_2,14963235.294117646,14.963235294117647,4.897852067679763,6.0,0.0,37.0,25.0,0.0
7,IMSI_3,1286764.705882353,1.286764705882353,3.6225827277528024,5.0,0.0,4.0,1.0,0.0
7,IMSI_4,1837250.525210084,1.837250525210084,-3.0943713054267095,2.0,0.0,29.0,16.0,0.0
7,IMSI_5,15474658.613445379,15.47465861344538,14.353251282573716,11.0,0.0,18.0,12.0,0.0
7,IMSI_6,506827.731092437,0.506827731092437,-3.226477485860909,2.0,0.0,8.0,2.0,0.0
7,IMSI_7,1916032.0378151261,1.916032037815126,-0.029984399893444723,3.0,0.0,13.0,7.0,0.0
7,IMSI_8,14936974.789915966,14.936974789915967,16.375523310154705,12.0,0.0,16.0,11.0,0.0
7,IMSI_9,506827.731092437,0.506827731092437,-3.0595539127115865,2.0,0.0,8.0,2.0,0.0
8,IMSI_0,14797794.11764706,14.79779411764706,3.9962858291053207,5.0,0.0,46.0,32.0,0.0
8,IMSI_1,14684873.949579831,14.684873949579831,7.760897282078307,7.0,0.0,32.0,22.0,0.0
8,IMSI_2,14558823.529411765,14.558823529411764,4.827462695331234,6.0,0.0,36.0,25.0,0.0
8,IMSI_3,1286764.705882353,1.286764705882353,3.0432681136139186,5.0,0.0,4.0,1.0,0.0
8,IMSI_4,1837250.525210084,1.837250525210084,-3.051735429086283,2.0,0.0,29.0,16.0,0.0
8,IMSI_5,15204831.93277311,15.204831932773109,13.618441865493638,10.0,0.0,20.0,14.0,0.0
8,IMSI_6,506827.731092437,0.506827731092437,-3.245225983607903,2.0,0.0,8.0,2.0,0.0
8,IMSI_7,1916032.0378151261,1.916032037815126,-0.08717774733076733,3.0,0.0,13.0,7.0,0.0
8,IMSI_8,14936974.789915966,14.936974789915967,16.578565479080076,12.0,0.0,16.0,11.0,0.0
8,IMSI_9,506827.731092437,0.506827731092437,-3.3165861530518557,2.0,0.0,8.0,2.0,0.0
9,IMSI_0,15367647.05882353,15.367647058823529,4.4207084080402295,6.0,0.0,38.0,25.0,0.0
9,IMSI_1,15602678.57142857,15.602678571428571,7.797640581415325,7.0,0.0,34.0,22.0,0.0
9,IMSI_2,15367647.05882353,15.367647058823529,5.246711449856693,6.0,0.0,38.0,25.0,0.0
9,IMSI_3,1286764.705882353,1.286764705882353,2.4931276526191573,5.0,0.0,4.0,1.0,0.0
9,IMSI_4,1837250.525210084,1.837250525210084,-3.0124757299874547,2.0,0.0,29.0,16.0,0.0
9,IMSI_5,16725315.12605042,16.725315126050422,12.898160104928191,10.0,0.0,22.0,14.0,0.0
9,IMSI_6,506827.731092437,0.506827731092437,-3.2690746842775207,2.0,0.0,8.0,2.0,0.0
9,IMSI_7,1916032.0378151261,1.916032037815126,-0.15009378970219797,3.0,0.0,13.0,7.0,0.0
9,IMSI_8,15870535.714285715,15.870535714285715,16.722497534678574,12.0,0.0,17.0,11.0,0.0
9,IMSI_9,506827.731092437,0.506827731092437,-3.575982186861922,2.0,0.0,8.0,2.0,0.0
10,IMSI_0,15367647.05882353,15.367647058823529,4.853711319968016,6.0,0.0,38.0,25.0,0.0
10,IMSI_1,15602678.57142857,15.602678571428571,7.822295140024113,7.0,0.0,34.0,22.0,0.0
10,IMSI_2,15367647.05882353,15.367647058823529,5.675865421265768,6.0,0.0,38.0,25.0,0.0
10,IMSI_3,992647.0588235294,0.9926470588235294,1.9415144420653607,4.0,0.0,4.0,1.0,0.0
10,IMSI_4,1837250.525210084,1.837250525210084,-2.9766402291777188,2.0,0.0,29.0,16.0,0.0
10,IMSI_5,16725315.12605042,16.725315126050422,12.193718194199048,10.0,0.0,22.0,14.0,0.0
10,IMSI_6,506827.731092437,0.506827731092437,-3.279476757182068,2.0,0.0,8.0,2.0,0.0
10,IMSI_7,1916032.0378151261,1.916032037815126,-0.21860327158279436,3.0,0.0,13.0,7.0,0.0
10,IMSI_8,15870535.714285715,15.870535714285715,16.804203077157513,12.0,0.0,17.0,11.0,0.0
10,IMSI_9,506827.731092437,0.506827731092437,-3.8373034432594553,2.0,0.0,8.0,2.0,0.0
11,IMSI_0,15367647.05882353,15.367647058823529,5.295495936102358,6.0,0.0,38.0,25.0,0.0
11,IMSI_1,15143776.260504201,15.1437762605042,7.834755001070448,7.0,0.0,33.0,22.0,0.0
11,IMSI_2,15367647.05882353,15.367647058823529,6.115362512343925,6.0,0.0,38.0,25.0,0.0
11,IMSI_3,1737132.3529411764,1.7371323529411764,1.7301511794389586,4.0,0.0,7.0,1.0,0.0
11,IMSI_4,1837250.525210084,1.837250525210084,-2.9442732160336513,2.0,0.0,29.0,16.0,0.0
11,IMSI_5,15740546.218487395,15.740546218487395,11.505918674171252,9.0,0.0,24.0,16.0,0.0
11,IMSI_6,823595.06302521,0.82359506302521,-3.3136324557816375,2.0,0.0,13.0,2.0,0.0
11,IMSI_7,1916032.0378151261,1.916032037815126,-0.29256798511141946,3.0,0.0,13.0,7.0,0.0
11,IMSI_8,15870535.714285715,15.870535714285715,16.821857756297902,12.0,0.0,17.0,11.0,0.0
11,IMSI_9,506827.731092437,0.506827731092437,-16.02277084300193,0.0,0.0,1.0,,0.0
12,IMSI_0,15772058.823529411,15.772058823529411,5.7462510908951,6.0,0.0,39.0,25.0,0.0
12,IMSI_1,15602678.57142857,15.602678571428571,7.8349663429006,7.0,0.0,34.0,22.0,0.0
12,IMSI_2,15602678.57142857,15.602678571428571,6.565666339144193,7.0,0.0,34.0,22.0,0.0
12,IMSI_3,1737132.3529411764,1.7371323529411764,1.7257518362314874,4.0,0.0,7.0,1.0,0.0
12,IMSI_4,1837250.525210084,1.837250525210084,-2.91541507122819,2.0,0.0,29.0,16.0,0.0
12,IMSI_5,16396402.31092437,16.39640231092437,10.835177981945598,9.0,0.0,25.0,16.0,0.0
12,IMSI_6,823595.06302521,0.82359506302521,-3.3527423069733695,2.0,0.0,13.0,2.0,0.0
12,IMSI_7,1916032.0378151261,1.916032037815126,-0.3718416376638708,3.0,0.0,13.0,7.0,0.0
12,IMSI_8,15870535.714285715,15.870535714285715,16.77506200685098,12.0,0.0,17.0,11.0,0.0
12,IMSI_9,506827.731092437,0.506827731092437,-16.02277084300193,0.0,0.0,1.0,,0.0
13,IMSI_0,15367647.05882353,15.367647058823529,6.206148080842747,6.0,0.0,38.0,25.0,0.0
13,IMSI_1,15602678.57142857,15.602678571428571,7.822928251013312,7.0,0.0,34.0,22.0,0.0
13,IMSI_2,15602678.57142857,15.602678571428571,7.027267709789856,7.0,0.0,34.0,22.0,0.0
13,IMSI_3,1737132.3529411764,1.7371323529411764,1.700557476451364,4.0,0.0,7.0,1.0,0.0
13,IMSI_4,1837250.525210084,1.837250525210084,-2.8901021028618428,2.0,0.0,29.0,16.0,0.0
13,IMSI_5,15634191.176470589,15.634191176470589,10.181623559969777,8.0,0.0,28.0,18.0,0.0
13,IMSI_6,823595.06302521,0.82359506302521,-3.396737480754162,2.0,0.0,13.0,2.0,0.0
13,IMSI_7,1916032.0378151261,1.916032037815126,-0.4562707402935834,3.0,0.0,13.0,7.0,0.0
13,IMSI_8,15870535.714285715,15.870535714285715,16.664870733267403,12.0,0.0,17.0,11.0,0.0
13,IMSI_9,506827.731092437,0.506827731092437,-16.02277084300193,0.0,0.0,1.0,,0.0
14,IMSI_0,16061580.88235294,16.061580882352942,6.675334501262159,7.0,0.0,35.0,22.0,0.0
14,IMSI_1,16061580.88235294,16.061580882352942,7.798692731212266,7.0,0.0,35.0,22.0,0.0
14,IMSI_2,16061580.88235294,16.061580882352942,7.5006860878256445,7.0,0.0,35.0,22.0,0.0
14,IMSI_3,1737132.3529411764,1.7371323529411764,1.654752489025383,4.0,0.0,7.0,1.0,0.0
14,IMSI_4,1837250.525210084,1.837250525210084,-2.868366397118081,2.0,0.0,29.0,16.0,0.0
14,IMSI_5,15634191.176470589,15.634191176470589,9.545169418878741,8.0,0.0,28.0,18.0,0.0
14,IMSI_6,823595.06302521,0.82359506302521,-3.428057573987929,2.0,0.0,13.0,2.0,0.0
14,IMSI_7,1916032.0378151261,1.916032037815126,-0.545695506690437,3.0,0.0,13.0,7.0,0.0
14,IMSI_8,16804096.63865546,16.804096638655462,16.493715415056922,12.0,0.0,18.0,11.0,0.0
14,IMSI_9,506827.731092437,0.506827731092437,-16.02277084300193,0.0,0.0,1.0,,0.0
15,IMSI_0,15602678.57142857,15.602678571428571,7.14539769660007,7.0,0.0,34.0,22.0,0.0
15,IMSI_1,15602678.57142857,15.602678571428571,7.762363963543971,7.0,0.0,34.0,22.0,0.0
15,IMSI_2,15602678.57142857,15.602678571428571,7.986470995075389,7.0,0.0,34.0,22.0,0.0
15,IMSI_3,1737132.3529411764,1.7371323529411764,1.588668857876544,4.0,0.0,7.0,1.0,0.0
15,IMSI_4,1837250.525210084,1.837250525210084,-2.8502356847064023,2.0,0.0,29.0,16.0,0.0
15,IMSI_5,15634191.176470589,15.634191176470589,8.925574473235878,8.0,0.0,28.0,18.0,0.0
15,IMSI_6,823595.06302521,0.82359506302521,-3.495150767108815,2.0,0.0,13.0,2.0,0.0
15,IMSI_7,1916032.0378151261,1.916032037815126,-0.6399507528836079,3.0,0.0,13.0,7.0,0.0
15,IMSI_8,16334361.8697479,16.334361869747898,16.26523042061347,11.0,0.0,19.0,12.0,0.0
15,IMSI_9,506827.731092437,0.506827731092437,-16.02277084300193,0.0,0.0,1.0,,0.0
16,IMSI_0,15602678.57142857,15.602678571428571,7.632554018820396,7.0,0.0,34.0,22.0,0.0
16,IMSI_1,15602678.57142857,15.602678571428571,7.7140968193800665,7.0,0.0,34.0,22.0,0.0
16,IMSI_2,15634191.176470589,15.634191176470589,8.485203290742847,8.0,0.0,28.0,18.0,0.0
16,IMSI_3,1737132.3529411764,1.7371323529411764,1.5027782431964982,4.0,0.0,7.0,1.0,0.0
16,IMSI_4,1837250.525210084,1.837250525210084,-2.8357332242425146,2.0,0.0,29.0,16.0,0.0
16,IMSI_5,15602678.57142857,15.602678571428571,8.322487285161253,7.0,0.0,34.0,22.0,0.0
16,IMSI_6,823595.06302521,0.82359506302521,-3.5302510567659704,2.0,0.0,13.0,2.0,0.0
16,IMSI_7,1916032.0378151261,1.916032037815126,-0.7388667885386558,3.0,0.0,13.0,7.0,0.0
16,IMSI_8,16334361.8697479,16.334361869747898,15.984008668499161,11.0,0.0,19.0,12.0,0.0
16,IMSI_9,506827.731092437,0.506827731092437,-16.02277084300193,0.0,0.0,1.0,,0.0
17,IMSI_0,15602678.57142857,15.602678571428571,8.087383018263006,7.0,0.0,34.0,22.0,0.0
17,IMSI_1,15602678.57142857,15.602678571428571,7.654094685616516,7.0,0.0,34.0,22.0,0.0
17,IMSI_2,15634191.176470589,15.634191176470589,8.997496238854232,8.0,0.0,28.0,18.0,0.0
17,IMSI_3,1737132.3529411764,1.7371323529411764,1.3697403245642366,4.0,0.0,7.0,1.0,0.0
17,IMSI_4,1837250.525210084,1.837250525210084,-2.8248777035831556,2.0,0.0,29.0,16.0,0.0
17,IMSI_5,15602678.57142857,15.602678571428571,7.735480184077516,7.0,0.0,34.0,22.0,0.0
17,IMSI_6,823595.06302521,0.82359506302521,-3.2861336681281204,2.0,0.0,13.0,2.0,0.0
17,IMSI_7,1916032.0378151261,1.916032037815126,-0.8422702914482201,3.0,0.0,13.0,7.0,0.0
17,IMSI_8,16334361.8697479,16.334361869747898,15.655319143767288,11.0,0.0,19.0,12.0,0.0
17,IMSI_9,506827.731092437,0.506827731092437,-16.02277084300193,0.0,0.0,1.0,,0.0
18,IMSI_0,16192555.147058824,16.192555147058822,8.537559504026433,8.0,0.0,29.0,18.0,0.0
18,IMSI_1,16520483.19327731,16.52048319327731,7.582606659361452,7.0,0.0,36.0,22.0,0.0
18,IMSI_2,16192555.147058824,16.192555147058822,9.523996242850748,8.0,0.0,29.0,18.0,0.0
18,IMSI_3,1737132.3529411764,1.7371323529411764,1.2181863216428632,4.0,0.0,7.0,1.0,0.0
18,IMSI_4,1837250.525210084,1.837250525210084,-2.817683159987379,2.0,0.0,29.0,16.0,0.0
18,IMSI_5,16520483.19327731,16.52048319327731,7.164075138346017,7.0,0.0,36.0,22.0,0.0
18,IMSI_6,823595.06302521,0.82359506302521,-3.0402142035907262,2.0,0.0,13.0,2.0,0.0
18,IMSI_7,1916032.0378151261,1.916032037815126,-0.9499851576579321,3.0,0.0,13.0,7.0,0.0
18,IMSI_8,17194065.12605042,17.194065126050422,15.284819220731709,11.0,0.0,20.0,12.0,0.0
18,IMSI_9,506827.731092437,0.506827731092437,-16.02277084300193,0.0,0.0,1.0,,0.0
19,IMSI_0,16192555.147058824,16.192555147058822,8.990530850241372,8.0,0.0,29.0,18.0,0.0
19,IMSI_1,16520483.19327731,16.52048319327731,7.499924192763724,7.0,0.0,36.0,22.0,0.0
19,IMSI_2,16192555.147058824,16.192555147058822,10.065383081144734,8.0,0.0,29.0,18.0,0.0
19,IMSI_3,1737132.3529411764,1.7371323529411764,1.0769842801670921,4.0,0.0,7.0,1.0,0.0
19,IMSI_4,1837250.525210084,1.837250525210084,-2.8141589198159354,2.0,0.0,29.0,16.0,0.0
19,IMSI_5,16520483.19327731,16.52048319327731,6.607763254698646,7.0,0.0,36.0,22.0,0.0
19,IMSI_6,823595.06302521,0.82359506302521,-2.792544729478675,2.0,0.0,13.0,2.0,0.0
19,IMSI_7,1916032.0378151261,1.916032037815126,-1.0618333205782284,3.0,0.0,13.0,7.0,0.0
19,IMSI_8,17194065.12605042,17.194065126050422,14.87828940268395,11.0,0.0,20.0,12.0,0.0
19,IMSI_9,506827.731092437,0.506827731092437,-16.02277084300193,0.0,0.0,1.0,,0.0
20,IMSI_0,8375459.55882353,8.375459558823529,9.445383412089932,8.0,0.0,15.0,18.0,0.0
20,IMSI_1,8260241.596638655,8.260241596638656,7.406377280120697,7.0,0.0,18.0,22.0,0.0
20,IMSI_2,8526129.201680671,8.526129201680671,10.622369416632525,9.0,0.0,13.0,16.0,0.0
20,IMSI_3,1737132.3529411764,1.7371323529411764,0.8913644159919965,4.0,0.0,7.0,1.0,0.0
20,IMSI_4,1837250.525210084,1.837250525210084,-2.8143095583110704,2.0,0.0,29.0,16.0,0.0
20,IMSI_5,8088235.294117647,8.088235294117647,6.0660193729184355,6.0,0.0,20.0,25.0,0.0
20,IMSI_6,823595.06302521,0.82359506302521,-2.5431855669041252,2.0,0.0,13.0,2.0,0.0
20,IMSI_7,1916032.0378151261,1.916032037815126,-1.1776355333824116,3.0,0.0,13.0,7.0,0.0
20,IMSI_8,8597032.56302521,8.597032563025211,14.441409384617288,11.0,0.0,10.0,12.0,0.0
20,IMSI_9,506827.731092437,0.506827731092437,-16.02277084300193,0.0,0.0,1.0,,0.0
21,IMSI_0,8375459.55882353,8.375459558823529,9.901028492339739,8.0,0.0,15.0,18.0,0.0
21,IMSI_1,8260241.596638655,8.260241596638656,7.302330287695717,7.0,0.0,18.0,22.0,0.0
21,IMSI_2,8526129.201680671,8.526129201680671,11.195699270895378,9.0,0.0,13.0,16.0,0.0
21,IMSI_3,2481617.6470588236,2.481617647058824,0.69039011373519,4.0,0.0,10.0,1.0,0.0
21,IMSI_4,1837250.525210084,1.837250525210084,-2.818134879820101,2.0,0.0,29.0,16.0,0.0
21,IMSI_5,8088235.294117647,8.088235294117647,5.538312896363795,6.0,0.0,20.0,25.0,0.0
21,IMSI_6,1473870.7983193276,1.4738707983193275,-2.292206064648267,3.0,0.0,10.0,1.0,0.0
21,IMSI_7,1916032.0378151261,1.916032037815126,-1.2972121099501348,3.0,0.0,13.0,7.0,0.0
21,IMSI_8,8362657.56302521,8.362657563025211,13.9795849060655,10.0,0.0,11.0,14.0,0.0
21,IMSI_9,506827.731092437,0.506827731092437,-16.02277084300193,0.0,0.0,1.0,,0.0
22,IMSI_0,9181985.294117646,9.181985294117647,10.405034199252032,9.0,0.0,14.0,16.0,0.0
22,IMSI_1,8260241.596638655,8.260241596638656,7.147687494881243,7.0,0.0,18.0,22.0,0.0
22,IMSI_2,9122899.159663865,9.122899159663865,11.786145042512093,10.0,0.0,12.0,14.0,0.0
22,IMSI_3,2481617.6470588236,2.481617647058824,0.5025453522228841,4.0,0.0,10.0,1.0,0.0
22,IMSI_4,1837250.525210084,1.837250525210084,-2.8256299186416283,2.0,0.0,29.0,16.0,0.0
22,IMSI_5,8492647.05882353,8.492647058823529,5.0241157409994655,6.0,0.0,21.0,25.0,0.0
22,IMSI_6,1473870.7983193276,1.4738707983193275,-2.0396854298752496,3.0,0.0,10.0,1.0,0.0
22,IMSI_7,1916032.0378151261,1.916032037815126,-1.420383620570079,3.0,0.0,13.0,7.0,0.0
22,IMSI_8,9122899.159663865,9.122899159663865,13.497826698843003,10.0,0.0,12.0,14.0,0.0
22,IMSI_9,506827.731092437,0.506827731092437,-16.02277084300193,0.0,0.0,1.0,,0.0
23,IMSI_0,9181985.294117646,9.181985294117647,10.859667644136088,9.0,0.0,14.0,16.0,0.0
23,IMSI_1,8260241.596638655,8.260241596638656,7.024049697600673,7.0,0.0,18.0,22.0,0.0
23,IMSI_2,9122899.159663865,9.122899159663865,12.394502498245659,10.0,0.0,12.0,14.0,0.0
23,IMSI_3,2481617.6470588236,2.481617647058824,0.2720473032825225,4.0,0.0,10.0,1.0,0.0
23,IMSI_4,1837250.525210084,1.837250525210084,-2.836784960487116,2.0,0.0,29.0,16.0,0.0
23,IMSI_5,8492647.05882353,8.492647058823529,4.522908083977856,6.0,0.0,21.0,25.0,0.0
23,IMSI_6,1473870.7983193276,1.4738707983193275,-1.785713618719492,3.0,0.0,10.0,1.0,0.0
23,IMSI_7,1916032.0378151261,1.916032037815126,-1.546971539535581,3.0,0.0,13.0,7.0,0.0
23,IMSI_8,9122899.159663865,9.122899159663865,13.000677001093395,10.0,0.0,12.0,14.0,0.0
23,IMSI_9,506827.731092437,0.506827731092437,-16.02277084300193,0.0,0.0,1.0,,0.0
24,IMSI_0,8526129.201680671,8.526129201680671,11.310547539625393,9.0,0.0,13.0,16.0,0.0
24,IMSI_1,7801339.285714285,7.801339285714286,6.851264657716402,7.0,0.0,17.0,22.0,0.0
24,IMSI_2,8362657.56302521,8.362657563025211,13.02158296197092,10.0,0.0,11.0,14.0,0.0
24,IMSI_3,1473870.7983193276,1.4738707983193275,0.059218573448979246,3.0,0.0,10.0,1.0,0.0
24,IMSI_4,1837250.525210084,1.837250525210084,-2.851585584363134,2.0,0.0,29.0,16.0,0.0
24,IMSI_5,8042279.411764706,8.042279411764705,4.034182436213029,5.0,0.0,25.0,32.0,0.0
24,IMSI_6,1473870.7983193276,1.4738707983193275,-1.5303922883104815,3.0,0.0,10.0,1.0,0.0
24,IMSI_7,1916032.0378151261,1.916032037815126,-1.6767988426438776,3.0,0.0,13.0,7.0,0.0
24,IMSI_8,8362657.56302521,8.362657563025211,12.49217578322117,10.0,0.0,11.0,14.0,0.0
24,IMSI_9,506827.731092437,0.506827731092437,-16.02277084300193,0.0,0.0,1.0,,0.0
25,IMSI_0,6558560.924369748,6.558560924369748,11.36547558697762,9.0,0.0,10.0,16.0,0.0
25,IMSI_1,6424632.352941177,6.424632352941177,6.709970807582283,7.0,0.0,14.0,22.0,0.0
25,IMSI_2,6842174.3697478995,6.8421743697479,13.66820165049143,10.0,0.0,9.0,14.0,0.0
25,IMSI_3,1473870.7983193276,1.4738707983193275,-0.09060459650246667,3.0,0.0,10.0,1.0,0.0
25,IMSI_4,1837250.525210084,1.837250525210084,-2.870012724496132,2.0,0.0,29.0,16.0,0.0
25,IMSI_5,6433823.529411765,6.4338235294117645,3.557446442270446,5.0,0.0,20.0,32.0,0.0
25,IMSI_6,1473870.7983193276,1.4738707983193275,-1.2738358111574049,3.0,0.0,10.0,1.0,0.0
25,IMSI_7,1916032.0378151261,1.916032037815126,-1.809690553425281,3.0,0.0,13.0,7.0,0.0
25,IMSI_8,6842174.3697478995,6.8421743697479,12.005085479098714,10.0,0.0,9.0,14.0,0.0
25,IMSI_9,506827.731092437,0.506827731092437,-16.02277084300193,0.0,0.0,1.0,,0.0
26,IMSI_0,6558560.924369748,6.558560924369748,11.257949702777859,9.0,0.0,10.0,16.0,0.0
26,IMSI_1,6424632.352941177,6.424632352941177,6.521197120506343,7.0,0.0,14.0,22.0,0.0
26,IMSI_2,6877626.050420168,6.877626050420168,14.3041892722478,11.0,0.0,8.0,12.0,0.0
26,IMSI_3,1473870.7983193276,1.4738707983193275,-0.42337055782558924,3.0,0.0,10.0,1.0,0.0
26,IMSI_4,1837250.525210084,1.837250525210084,-2.892042751743365,2.0,0.0,29.0,16.0,0.0
26,IMSI_5,6433823.529411765,6.4338235294117645,3.0922247174697386,5.0,0.0,20.0,32.0,0.0
26,IMSI_6,1473870.7983193276,1.4738707983193275,-1.0161723519836494,3.0,0.0,10.0,1.0,0.0
26,IMSI_7,1916032.0378151261,1.916032037815126,-1.9454742376743726,3.0,0.0,13.0,7.0,0.0
26,IMSI_8,6558560.924369748,6.558560924369748,11.481605124619438,9.0,0.0,10.0,16.0,0.0
26,IMSI_9,506827.731092437,0.506827731092437,-16.02277084300193,0.0,0.0,1.0,,0.0
27,IMSI_0,5902704.831932773,5.902704831932773,11.121051781588847,9.0,0.0,9.0,16.0,0.0
27,IMSI_1,5506827.731092437,5.506827731092437,6.364254127293893,7.0,0.0,12.0,22.0,0.0
27,IMSI_2,6017922.794117647,6.017922794117648,14.98988862337793,11.0,0.0,7.0,12.0,0.0
27,IMSI_3,1473870.7983193276,1.4738707983193275,-0.733478596084894,3.0,0.0,10.0,1.0,0.0
27,IMSI_4,1837250.525210084,1.837250525210084,-2.917647573764751,2.0,0.0,29.0,16.0,0.0
27,IMSI_5,5468750.0,5.46875,2.638059960148186,5.0,0.0,17.0,32.0,0.0
27,IMSI_6,1473870.7983193276,1.4738707983193275,-0.7575450060410922,3.0,0.0,10.0,1.0,0.0
27,IMSI_7,1916032.0378151261,1.916032037815126,-2.0839804465260956,3.0,0.0,13.0,7.0,0.0
27,IMSI_8,5902704.831932773,5.902704831932773,10.95612551406413,9.0,0.0,9.0,16.0,0.0
27,IMSI_9,506827.731092437,0.506827731092437,-16.02277084300193,0.0,0.0,1.0,,0.0
28,IMSI_0,5246848.739495798,5.246848739495798,10.956201838679327,9.0,0.0,8.0,16.0,0.0
28,IMSI_1,4852941.176470588,4.852941176470588,6.16165327569055,6.0,0.0,12.0,25.0,0.0
28,IMSI_2,5158219.537815126,5.158219537815126,15.661030881354403,11.0,0.0,6.0,12.0,0.0
28,IMSI_3,1473870.7983193276,1.4738707983193275,-1.0466526480238705,3.0,0.0,10.0,1.0,0.0
28,IMSI_4,1837250.525210084,1.837250525210084,-2.9467947530710608,2.0,0.0,29.0,16.0,0.0
28,IMSI_5,4963235.294117647,4.963235294117648,2.194513521668248,4.0,0.0,20.0,41.0,0.0
28,IMSI_6,1473870.7983193276,1.4738707983193275,-0.4981129966087225,3.0,0.0,10.0,1.0,0.0
28,IMSI_7,1916032.0378151261,1.916032037815126,-2.2250431089060294,3.0,0.0,13.0,7.0,0.0
28,IMSI_8,5246848.739495798,5.246848739495798,10.453307740388134,9.0,0.0,8.0,16.0,0.0
28,IMSI_9,506827.731092437,0.506827731092437,-16.02277084300193,0.0,0.0,1.0,,0.0
29,IMSI_0,3935136.5546218487,3.935136554621849,10.765040072692802,9.0,0.0,6.0,16.0,0.0
29,IMSI_1,4044117.6470588236,4.044117647058823,5.991071509596129,6.0,0.0,10.0,25.0,0.0
29,IMSI_2,4667804.62184874,4.66780462184874,16.387384517916335,12.0,0.0,5.0,11.0,0.0
29,IMSI_3,1473870.7983193276,1.4738707983193275,-1.3621679353928153,3.0,0.0,10.0,1.0,0.0
29,IMSI_4,1330422.794117647,1.330422794117647,-2.9794476419197133,2.0,0.0,21.0,16.0,0.0
29,IMSI_5,3970588.2352941176,3.9705882352941178,1.7611655741620766,4.0,0.0,16.0,41.0,0.0
29,IMSI_6,1473870.7983193276,1.4738707983193275,-0.2380529277497177,3.0,0.0,10.0,1.0,0.0
29,IMSI_7,1330422.794117647,1.330422794117647,-2.3684998746939816,2.0,0.0,21.0,16.0,0.0
29,IMSI_8,3908547.794117647,3.908547794117647,9.928099398078894,8.0,0.0,7.0,18.0,0.0
29,IMSI_9,506827.731092437,0.506827731092437,-16.02277084300193,0.0,0.0,1.0,,0.0
30,IMSI_0,3935136.5546218487,3.935136554621849,10.549376891547837,9.0,0.0,6.0,16.0,0.0
30,IMSI_1,4044117.6470588236,4.044117647058823,5.776749994318776,6.0,0.0,10.0,25.0,0.0
30,IMSI_2,4667804.62184874,4.66780462184874,17.09338456311608,12.0,0.0,5.0,11.0,0.0
30,IMSI_3,1473870.7983193276,1.4738707983193275,-1.7032831995029882,3.0,0.0,10.0,1.0,0.0
30,IMSI_4,1330422.794117647,1.330422794117647,-3.015565532899114,2.0,0.0,21.0,16.0,0.0
30,IMSI_5,3970588.2352941176,3.9705882352941178,1.349441670881077,4.0,0.0,16.0,41.0,0.0
30,IMSI_6,1473870.7983193276,1.4738707983193275,0.02243991357783249,3.0,0.0,10.0,1.0,0.0
30,IMSI_7,1330422.794117647,1.330422794117647,-2.514192410362544,2.0,0.0,21.0,16.0,0.0
30,IMSI_8,3908547.794117647,3.908547794117647,9.425285844546918,8.0,0.0,7.0,18.0,0.0
30,IMSI_9,506827.731092437,0.506827731092437,-16.02277084300193,0.0,0.0,1.0,,0.0
31,IMSI_0,3935136.5546218487,3.935136554621849,10.415125257952411,9.0,0.0,6.0,16.0,0.0
31,IMSI_1,4044117.6470588236,4.044117647058823,5.594486687889546,6.0,0.0,10.0,25.0,0.0
31,IMSI_2,4667804.62184874,4.66780462184874,17.860221842192576,12.0,0.0,5.0,11.0,0.0
31,IMSI_3,1473870.7983193276,1.4738707983193275,-2.0210490738460334,3.0,0.0,10.0,1.0,0.0
31,IMSI_4,1330422.794117647,1.330422794117647,-3.0551038239285875,2.0,0.0,21.0,16.0,0.0
31,IMSI_5,3970588.2352941176,3.9705882352941178,0.9348357028030373,4.0,0.0,16.0,41.0,0.0
31,IMSI_6,2481617.6470588236,2.481617647058824,0.2831502143320987,4.0,0.0,10.0,1.0,0.0
31,IMSI_7,1330422.794117647,1.330422794117647,-2.661966649201162,2.0,0.0,21.0,16.0,0.0
31,IMSI_8,3908547.794117647,3.908547794117647,8.906909485716168,8.0,0.0,7.0,18.0,0.0
31,IMSI_9,506827.731092437,0.506827731092437,-16.02277084300193,0.0,0.0,1.0,,0.0
32,IMSI_0,3908547.794117647,3.908547794117647,9.777908255949743,8.0,0.0,7.0,18.0,0.0
32,IMSI_1,3639705.882352941,3.639705882352941,5.370447324778968,6.0,0.0,9.0,25.0,0.0
32,IMSI_2,3734243.6974789915,3.7342436974789917,18.59803117561409,12.0,0.0,4.0,11.0,0.0
32,IMSI_3,2154017.8571428573,2.154017857142857,-2.3435534404198153,2.0,0.0,34.0,2.0,0.0
32,IMSI_4,1330422.794117647,1.330422794117647,-3.098014196307447,2.0,0.0,21.0,16.0,0.0
32,IMSI_5,3722426.470588235,3.722426470588235,0.5401946739106291,4.0,0.0,15.0,41.0,0.0
32,IMSI_6,4218750.0,4.21875,0.5438412621975345,4.0,0.0,17.0,1.0,0.0
32,IMSI_7,1330422.794117647,1.330422794117647,-2.811672998508251,2.0,0.0,21.0,16.0,0.0
32,IMSI_8,3671218.487394958,3.671218487394958,8.39442060647931,7.0,0.0,8.0,22.0,0.0
32,IMSI_9,506827.731092437,0.506827731092437,-16.02277084300193,0.0,0.0,1.0,,0.0
33,IMSI_0,3350183.8235294116,3.3501838235294117,9.160842844722852,8.0,0.0,6.0,18.0,0.0
33,IMSI_1,3235294.117647059,3.235294117647059,5.178363204393026,6.0,0.0,8.0,25.0,0.0
33,IMSI_2,3139443.277310924,3.139443277310924,19.401812030176885,13.0,0.0,3.0,10.0,0.0
33,IMSI_3,2154017.8571428573,2.154017857142857,-2.3976461493904653,2.0,0.0,34.0,2.0,0.0
33,IMSI_4,1330422.794117647,1.330422794117647,-3.144244804368111,2.0,0.0,21.0,16.0,0.0
33,IMSI_5,2947741.5966386553,2.947741596638655,0.14298490041868406,3.0,0.0,20.0,68.0,0.0
33,IMSI_6,4218750.0,4.21875,0.8042535567443019,4.0,0.0,17.0,1.0,0.0
33,IMSI_7,1330422.794117647,1.330422794117647,-2.9631665063367945,2.0,0.0,21.0,16.0,0.0
33,IMSI_8,3212316.1764705884,3.2123161764705883,7.968685856075463,7.0,0.0,7.0,22.0,0.0
33,IMSI_9,506827.731092437,0.506827731092437,-16.02277084300193,0.0,0.0,1.0,,0.0
34,IMSI_0,3350183.8235294116,3.3501838235294117,8.562909309686455,8.0,0.0,6.0,18.0,0.0
34,IMSI_1,3235294.117647059,3.235294117647059,4.94647055337225,6.0,0.0,8.0,25.0,0.0
34,IMSI_2,3139443.277310924,3.139443277310924,20.163471318454036,13.0,0.0,3.0,10.0,0.0
34,IMSI_3,3832064.0756302522,3.832064075630252,-2.024009172241535,3.0,0.0,26.0,1.0,0.0
34,IMSI_4,1330422.794117647,1.330422794117647,-3.1937404752336827,2.0,0.0,21.0,16.0,0.0
34,IMSI_5,3095128.6764705884,3.0951286764705883,-0.2357466328237488,3.0,0.0,21.0,68.0,0.0
34,IMSI_6,6452205.882352941,6.452205882352941,1.0641034230566486,4.0,0.0,26.0,1.0,0.0
34,IMSI_7,1330422.794117647,1.330422794117647,-3.116306990520493,2.0,0.0,21.0,16.0,0.0
34,IMSI_8,3350183.8235294116,3.3501838235294117,8.533255836868125,8.0,0.0,6.0,18.0,0.0
34,IMSI_9,506827.731092437,0.506827731092437,-16.02277084300193,0.0,0.0,1.0,,0.0
35,IMSI_0,3212316.1764705884,3.2123161764705883,7.983136801466343,7.0,0.0,7.0,22.0,0.0
35,IMSI_1,3235294.117647059,3.235294117647059,4.746299371764894,6.0,0.0,8.0,25.0,0.0
35,IMSI_2,3139443.277310924,3.139443277310924,20.994562265390915,13.0,0.0,3.0,10.0,0.0
35,IMSI_3,3832064.0756302522,3.832064075630252,-1.6471727247980363,3.0,0.0,26.0,1.0,0.0
35,IMSI_4,1330422.794117647,1.330422794117647,-3.2464429171410645,2.0,0.0,21.0,16.0,0.0
35,IMSI_5,2947741.5966386553,2.947741596638655,-0.6167971700229212,3.0,0.0,20.0,68.0,0.0
35,IMSI_6,6452205.882352941,6.452205882352941,1.3230816502322358,4.0,0.0,26.0,1.0,0.0
35,IMSI_7,1330422.794117647,1.330422794117647,-3.2709591327899377,2.0,0.0,21.0,16.0,0.0
35,IMSI_8,3350183.8235294116,3.3501838235294117,9.10929729521495,8.0,0.0,6.0,18.0,0.0
35,IMSI_9,506827.731092437,0.506827731092437,-16.02277084300193,0.0,0.0,1.0,,0.0
36,IMSI_0,3212316.1764705884,3.2123161764705883,7.420605396480954,7.0,0.0,7.0,22.0,0.0
36,IMSI_1,3235294.117647059,3.235294117647059,4.5082580590239365,6.0,0.0,8.0,25.0,0.0
36,IMSI_2,3486081.932773109,3.486081932773109,21.763783759289534,14.0,0.0,3.0,9.0,0.0
36,IMSI_3,3832064.0756302522,3.832064075630252,-1.267475557246717,3.0,0.0,26.0,1.0,0.0
36,IMSI_4,1330422.794117647,1.330422794117647,-3.3022909347726963,2.0,0.0,21.0,16.0,0.0
36,IMSI_5,2947741.5966386553,2.947741596638655,-0.9807036819189825,3.0,0.0,20.0,68.0,0.0
36,IMSI_6,6452205.882352941,6.452205882352941,1.5808521819463364,4.0,0.0,26.0,1.0,0.0
36,IMSI_7,1330422.794117647,1.330422794117647,-3.4269925408233357,2.0,0.0,21.0,16.0,0.0
36,IMSI_8,3350183.8235294116,3.3501838235294117,9.696458493752596,8.0,0.0,6.0,18.0,0.0
36,IMSI_9,506827.731092437,0.506827731092437,-16.02277084300193,0.0,0.0,1.0,,0.0
37,IMSI_0,3212316.1764705884,3.2123161764705883,6.874446399419386,7.0,0.0,7.0,22.0,0.0
37,IMSI_1,3235294.117647059,3.235294117647059,4.301587706418814,6.0,0.0,8.0,25.0,0.0
37,IMSI_2,3486081.932773109,3.486081932773109,22.602214704034562,14.0,0.0,3.0,9.0,0.0
37,IMSI_3,3832064.0756302522,3.832064075630252,-0.8853200182545444,3.0,0.0,26.0,1.0,0.0
37,IMSI_4,1330422.794117647,1.330422794117647,-3.3612206500411377,2.0,0.0,21.0,16.0,0.0
37,IMSI_5,2947741.5966386553,2.947741596638655,-1.3467276863706532,3.0,0.0,20.0,68.0,0.0
37,IMSI_6,6452205.882352941,6.452205882352941,1.8370508915401715,4.0,0.0,26.0,1.0,0.0
37,IMSI_7,1330422.794117647,1.330422794117647,-3.584281781066548,2.0,0.0,21.0,16.0,0.0
37,IMSI_8,3350183.8235294116,3.3501838235294117,10.294181979368789,8.0,0.0,6.0,18.0,0.0
37,IMSI_9,506827.731092437,0.506827731092437,-16.02277084300193,0.0,0.0,1.0,,0.0
38,IMSI_0,3212316.1764705884,3.2123161764705883,6.343841470597446,7.0,0.0,7.0,22.0,0.0
38,IMSI_1,2895220.588235294,2.895220588235294,4.058931690090989,5.0,0.0,9.0,32.0,0.0
38,IMSI_2,3734243.6974789915,3.7342436974789917,23.349530661205353,15.0,0.0,3.0,9.0,0.0
38,IMSI_3,3832064.0756302522,3.832064075630252,-0.5011800510716399,3.0,0.0,26.0,1.0,0.0
38,IMSI_4,1330422.794117647,1.330422794117647,-3.4231657267867286,2.0,0.0,21.0,16.0,0.0
38,IMSI_5,2800354.5168067226,2.8003545168067228,-1.6968073277673492,3.0,0.0,19.0,68.0,0.0
38,IMSI_6,6452205.882352941,6.452205882352941,2.091284479767682,4.0,0.0,26.0,1.0,0.0
38,IMSI_7,1330422.794117647,1.330422794117647,-3.7427063851122893,2.0,0.0,21.0,16.0,0.0
38,IMSI_8,3279280.462184874,3.279280462184874,10.90165254297963,9.0,0.0,5.0,16.0,0.0
38,IMSI_9,506827.731092437,0.506827731092437,-16.02277084300193,0.0,0.0,1.0,,0.0
39,IMSI_0,2830882.3529411764,2.830882352941176,5.828020990851942,6.0,0.0,7.0,25.0,0.0
39,IMSI_1,2895220.588235294,2.895220588235294,3.847195014573347,5.0,0.0,9.0,32.0,0.0
39,IMSI_2,3734243.6974789915,3.7342436974789917,24.159297278743157,15.0,0.0,3.0,9.0,0.0
39,IMSI_3,3832064.0756302522,3.832064075630252,-0.11560981560800072,3.0,0.0,26.0,1.0,0.0
39,IMSI_4,1330422.794117647,1.330422794117647,-3.488057597884176,2.0,0.0,21.0,16.0,0.0
39,IMSI_5,2800354.5168067226,2.8003545168067228,-2.048839912851986,3.0,0.0,19.0,68.0,0.0
39,IMSI_6,6452205.882352941,6.452205882352941,2.3431295393038623,4.0,0.0,26.0,1.0,0.0
39,IMSI_7,1330422.794117647,1.330422794117647,-3.902150832351766,2.0,0.0,21.0,16.0,0.0
39,IMSI_8,3279280.462184874,3.279280462184874,11.517734655488052,9.0,0.0,5.0,16.0,0.0
39,IMSI_9,506827.731092437,0.506827731092437,-16.02277084300193,0.0,0.0,1.0,,0.0
40,IMSI_0,2022058.8235294118,2.0220588235294117,5.326261954912272,6.0,0.0,5.0,25.0,0.0
40,IMSI_1,1930147.0588235294,1.9301470588235294,3.633138678257239,5.0,0.0,6.0,32.0,0.0
40,IMSI_2,2489495.7983193276,2.4894957983193278,24.836710333945256,15.0,0.0,2.0,9.0,0.0
40,IMSI_3,6452205.882352941,6.452205882352941,0.27074713129834904,4.0,0.0,26.0,1.0,0.0
40,IMSI_4,2660845.588235294,2.660845588235294,-3.5558256933031283,2.0,0.0,42.0,16.0,0.0
40,IMSI_5,1773897.0588235294,1.7738970588235294,-2.386009155505207,2.0,0.0,28.0,158.0,0.0
40,IMSI_6,8363970.588235294,8.363970588235295,2.5921318362075843,5.0,0.0,26.0,1.0,0.0
40,IMSI_7,1330422.794117647,1.330422794117647,-16.02277084300193,0.0,0.0,1.0,,0.0
40,IMSI_8,2280724.7899159663,2.280724789915966,12.140898241875497,10.0,0.0,3.0,14.0,0.0
40,IMSI_9,506827.731092437,0.506827731092437,-16.02277084300193,0.0,0.0,1.0,,0.0
41,IMSI_0,2022058.8235294118,2.0220588235294117,4.837885597159523,6.0,0.0,5.0,25.0,0.0
41,IMSI_1,1930147.0588235294,1.9301470588235294,3.3857588434840116,5.0,0.0,6.0,32.0,0.0
41,IMSI_2,2489495.7983193276,2.4894957983193278,25.560544607741083,15.0,0.0,2.0,9.0,0.0
41,IMSI_3,6452205.882352941,6.452205882352941,0.6571482151206871,4.0,0.0,26.0,1.0,0.0
41,IMSI_4,2660845.588235294,2.660845588235294,-3.6263976677291874,2.0,0.0,42.0,16.0,0.0
41,IMSI_5,1773897.0588235294,1.7738970588235294,-2.7249954028154204,2.0,0.0,28.0,158.0,0.0
41,IMSI_6,8363970.588235294,8.363970588235295,2.83780586450808,5.0,0.0,26.0,1.0,0.0
41,IMSI_7,1330422.794117647,1.330422794117647,-16.02277084300193,0.0,0.0,1.0,,0.0
41,IMSI_8,2280724.7899159663,2.280724789915966,12.769132156722662,10.0,0.0,3.0,14.0,0.0
41,IMSI_9,506827.731092437,0.506827731092437,-16.02277084300193,0.0,0.0,1.0,,0.0
42,IMSI_0,2022058.8235294118,2.0220588235294117,4.36225489144979,6.0,0.0,5.0,25.0,0.0
42,IMSI_1,1930147.0588235294,1.9301470588235294,3.1684947467334705,5.0,0.0,6.0,32.0,0.0
42,IMSI_2,2489495.7983193276,2.4894957983193278,26.099526620432094,15.0,0.0,2.0,9.0,0.0
42,IMSI_3,6452205.882352941,6.452205882352941,1.042741964374637,4.0,0.0,26.0,1.0,0.0
42,IMSI_4,2660845.588235294,2.660845588235294,-3.6996996264277024,2.0,0.0,42.0,16.0,0.0
42,IMSI_5,1773897.0588235294,1.7738970588235294,-3.0500946830676243,2.0,0.0,28.0,158.0,0.0
42,IMSI_6,8363970.588235294,8.363970588235295,3.0796347356300116,5.0,0.0,26.0,1.0,0.0
42,IMSI_7,1330422.794117647,1.330422794117647,-16.02277084300193,0.0,0.0,1.0,,0.0
42,IMSI_8,2280724.7899159663,2.280724789915966,13.399845706918397,10.0,0.0,3.0,14.0,0.0
42,IMSI_9,506827.731092437,0.506827731092437,-16.02277084300193,0.0,0.0,1.0,,0.0
43,IMSI_0,1930147.0588235294,1.9301470588235294,3.898772022191252,5.0,0.0,6.0,32.0,0.0
43,IMSI_1,1930147.0588235294,1.9301470588235294,2.919596109502577,5.0,0.0,6.0,32.0,0.0
43,IMSI_2,2489495.7983193276,2.4894957983193278,26.660007771143057,15.0,0.0,2.0,9.0,0.0
43,IMSI_3,3226102.9411764704,3.2261029411764706,1.4376641690280847,4.0,0.0,13.0,1.0,0.0
43,IMSI_4,2660845.588235294,2.660845588235294,-3.7963848828957767,2.0,0.0,42.0,16.0,0.0
43,IMSI_5,1710543.5924369749,1.710543592436975,-3.3768973865046634,2.0,0.0,27.0,158.0,0.0
43,IMSI_6,4181985.294117647,4.181985294117648,3.317070469090257,5.0,0.0,13.0,1.0,0.0
43,IMSI_7,1330422.794117647,1.330422794117647,-16.02277084300193,0.0,0.0,1.0,,0.0
43,IMSI_8,2280724.7899159663,2.280724789915966,14.029760259239055,10.0,0.0,3.0,14.0,0.0
43,IMSI_9,1647190.12605042,1.64719012605042,-3.9278591926082926,2.0,0.0,26.0,2.0,0.0
44,IMSI_0,1930147.0588235294,1.9301470588235294,3.4468758921101097,5.0,0.0,6.0,32.0,0.0
44,IMSI_1,1930147.0588235294,1.9301470588235294,2.700177137075758,5.0,0.0,6.0,32.0,0.0
44,IMSI_2,2489495.7983193276,2.4894957983193278,26.980706145604447,15.0,0.0,2.0,9.0,0.0
44,IMSI_3,3226102.9411764704,3.2261029411764706,1.8316321330520846,4.0,0.0,13.0,1.0,0.0
44,IMSI_4,2660845.588235294,2.660845588235294,-3.874755909465542,2.0,0.0,42.0,16.0,0.0
44,IMSI_5,1710543.5924369749,1.710543592436975,-3.690697101937897,2.0,0.0,27.0,158.0,0.0
44,IMSI_6,4181985.294117647,4.181985294117648,3.5495347543078095,5.0,0.0,13.0,1.0,0.0
44,IMSI_7,1330422.794117647,1.330422794117647,-16.02277084300193,0.0,0.0,1.0,,0.0
44,IMSI_8,2579109.768907563,2.579109768907563,14.654795639315523,11.0,0.0,3.0,12.0,0.0
44,IMSI_9,1647190.12605042,1.64719012605042,-3.801763604982967,2.0,0.0,26.0,2.0,0.0
45,IMSI_0,1930147.0588235294,1.9301470588235294,3.006039709522543,5.0,0.0,6.0,32.0,0.0
45,IMSI_1,1930147.0588235294,1.9301470588235294,2.4507201630912316,5.0,0.0,6.0,32.0,0.0
45,IMSI_2,2489495.7983193276,2.4894957983193278,27.296708159852585,15.0,0.0,2.0,9.0,0.0
45,IMSI_3,3226102.9411764704,3.2261029411764706,2.2105383837206625,4.0,0.0,13.0,1.0,0.0
45,IMSI_4,2660845.588235294,2.660845588235294,-3.9759963128674167,2.0,0.0,42.0,16.0,0.0
45,IMSI_5,1710543.5924369749,1.710543592436975,-4.006104293167408,2.0,0.0,27.0,158.0,0.0
45,IMSI_6,4181985.294117647,4.181985294117648,3.7764202549035435,5.0,0.0,13.0,1.0,0.0
45,IMSI_7,1330422.794117647,1.330422794117647,-16.02277084300193,0.0,0.0,1.0,,0.0
45,IMSI_8,2579109.768907563,2.579109768907563,15.269959928584738,11.0,0.0,3.0,12.0,0.0
45,IMSI_9,1647190.12605042,1.64719012605042,-3.683616012655336,2.0,0.0,26.0,2.0,0.0
46,IMSI_0,4503676.470588235,4.5036764705882355,2.5757686818865,5.0,0.0,14.0,32.0,0.0
46,IMSI_1,4466911.764705882,4.466911764705882,2.230059361268582,4.0,0.0,18.0,41.0,0.0
46,IMSI_2,4978991.596638655,4.9789915966386555,27.33448491450206,15.0,0.0,4.0,9.0,0.0
46,IMSI_3,4181985.294117647,4.181985294117648,2.598229840995571,5.0,0.0,13.0,1.0,0.0
46,IMSI_4,2660845.588235294,2.660845588235294,-16.02277084300193,0.0,0.0,1.0,,0.0
46,IMSI_5,1710543.5924369749,1.710543592436975,-16.02277084300193,0.0,0.0,1.0,,0.0
46,IMSI_6,4181985.294117647,4.181985294117648,3.997092525902505,5.0,0.0,13.0,1.0,0.0
46,IMSI_7,1330422.794117647,1.330422794117647,-16.02277084300193,0.0,0.0,1.0,,0.0
46,IMSI_8,5158219.537815126,5.158219537815126,15.869256521070179,11.0,0.0,6.0,12.0,0.0
46,IMSI_9,1647190.12605042,1.64719012605042,-3.573778609479331,2.0,0.0,26.0,2.0,0.0
47,IMSI_0,1737132.3529411764,1.7371323529411764,2.1555978310932917,4.0,0.0,7.0,41.0,0.0
47,IMSI_1,1737132.3529411764,1.7371323529411764,1.9808631687097198,4.0,0.0,7.0,41.0,0.0
47,IMSI_2,2489495.7983193276,2.4894957983193278,27.353963580861684,15.0,0.0,2.0,9.0,0.0
47,IMSI_3,4181985.294117647,4.181985294117648,2.9660263474939965,5.0,0.0,13.0,1.0,0.0
47,IMSI_4,2660845.588235294,2.660845588235294,-16.02277084300193,0.0,0.0,1.0,,0.0
47,IMSI_5,1583836.6596638656,1.5838366596638656,-3.7566836286106673,2.0,0.0,25.0,158.0,0.0
47,IMSI_6,4181985.294117647,4.181985294117648,4.2108926101216495,5.0,0.0,13.0,1.0,0.0
47,IMSI_7,1330422.794117647,1.330422794117647,-16.02277084300193,0.0,0.0,1.0,,0.0
47,IMSI_8,1867121.8487394957,1.8671218487394958,16.44562869457328,12.0,0.0,2.0,11.0,0.0
47,IMSI_9,1647190.12605042,1.64719012605042,-3.4517340279906787,2.0,0.0,26.0,2.0,0.0
48,IMSI_0,1737132.3529411764,1.7371323529411764,1.745089938050003,4.0,0.0,7.0,41.0,0.0
48,IMSI_1,1737132.3529411764,1.7371323529411764,1.8205969063346212,4.0,0.0,7.0,41.0,0.0
48,IMSI_2,2489495.7983193276,2.4894957983193278,27.092400556074328,15.0,0.0,2.0,9.0,0.0
48,IMSI_3,4181985.294117647,4.181985294117648,3.3418027386748497,5.0,0.0,13.0,1.0,0.0
48,IMSI_4,2660845.588235294,2.660845588235294,-16.02277084300193,0.0,0.0,1.0,,0.0
48,IMSI_5,1583836.6596638656,1.5838366596638656,-3.463421940245848,2.0,0.0,25.0,158.0,0.0
48,IMSI_6,5257352.94117647,5.25735294117647,4.417140372070721,6.0,0.0,13.0,1.0,0.0
48,IMSI_7,1330422.794117647,1.330422794117647,-16.02277084300193,0.0,0.0,1.0,,0.0
48,IMSI_8,1867121.8487394957,1.8671218487394958,16.9909686096287,12.0,0.0,2.0,11.0,0.0
48,IMSI_9,1647190.12605042,1.64719012605042,-3.3592855078185666,2.0,0.0,26.0,2.0,0.0
49,IMSI_0,1737132.3529411764,1.7371323529411764,1.3438336186430875,4.0,0.0,7.0,41.0,0.0
49,IMSI_1,1737132.3529411764,1.7371323529411764,2.1436741357971716,4.0,0.0,7.0,41.0,0.0
49,IMSI_2,2489495.7983193276,2.4894957983193278,26.82032677909799,15.0,0.0,2.0,9.0,0.0
49,IMSI_3,4181985.294117647,4.181985294117648,3.69198352960927,5.0,0.0,13.0,1.0,0.0
49,IMSI_4,2660845.588235294,2.660845588235294,-16.02277084300193,0.0,0.0,1.0,,0.0
49,IMSI_5,1583836.6596638656,1.5838366596638656,-3.1660521149784953,2.0,0.0,25.0,158.0,0.0
49,IMSI_6,5257352.94117647,5.25735294117647,4.615138615315909,6.0,0.0,13.0,1.0,0.0
49,IMSI_7,1330422.794117647,1.330422794117647,-16.02277084300193,0.0,0.0,1.0,,0.0
49,IMSI_8,1867121.8487394957,1.8671218487394958,17.496222697739316,12.0,0.0,2.0,11.0,0.0
49,IMSI_9,1647190.12605042,1.64719012605042,-3.254770647720485,2.0,0.0,26.0,2.0,0.0
50,IMSI_0,1737132.3529411764,1.7371323529411764,0.9514415294751709,4.0,0.0,7.0,41.0,0.0
50,IMSI_1,1930147.0588235294,1.9301470588235294,2.4730208668496436,5.0,0.0,6.0,32.0,0.0
50,IMSI_2,2489495.7983193276,2.4894957983193278,26.301958979574298,15.0,0.0,2.0,9.0,0.0
50,IMSI_3,4181985.294117647,4.181985294117648,4.048948920964665,5.0,0.0,13.0,1.0,0.0
50,IMSI_4,2660845.588235294,2.660845588235294,-16.02277084300193,0.0,0.0,1.0,,0.0
50,IMSI_5,1647190.12605042,1.64719012605042,-2.8429575266523885,2.0,0.0,26.0,158.0,0.0
50,IMSI_6,5257352.94117647,5.25735294117647,4.80417801199417,6.0,0.0,13.0,1.0,0.0
50,IMSI_7,1330422.794117647,1.330422794117647,-16.02277084300193,0.0,0.0,1.0,,0.0
50,IMSI_8,1867121.8487394957,1.8671218487394958,18.016444919667602,12.0,0.0,2.0,11.0,0.0
50,IMSI_9,1647190.12605042,1.64719012605042,-3.1810257246127103,2.0,0.0,26.0,2.0,0.0
51,IMSI_0,1737132.3529411764,1.7371323529411764,0.5675486993279389,4.0,0.0,7.0,41.0,0.0
51,IMSI_1,1930147.0588235294,1.9301470588235294,2.8088852488584055,5.0,0.0,6.0,32.0,0.0
51,IMSI_2,2489495.7983193276,2.4894957983193278,25.79631520651363,15.0,0.0,2.0,9.0,0.0
51,IMSI_3,5257352.94117647,5.25735294117647,4.37377286860439,6.0,0.0,13.0,1.0,0.0
51,IMSI_4,2660845.588235294,2.660845588235294,-16.02277084300193,0.0,0.0,1.0,,0.0
51,IMSI_5,1647190.12605042,1.64719012605042,-2.514691787241681,2.0,0.0,26.0,158.0,0.0
51,IMSI_6,5257352.94117647,5.25735294117647,4.983542850780597,6.0,0.0,13.0,1.0,0.0
51,IMSI_7,1330422.794117647,1.330422794117647,-16.02277084300193,0.0,0.0,1.0,,0.0
51,IMSI_8,1867121.8487394957,1.8671218487394958,18.416114535106995,12.0,0.0,2.0,11.0,0.0
51,IMSI_9,1647190.12605042,1.64719012605042,-3.0953477535837246,2.0,0.0,26.0,2.0,0.0
52,IMSI_0,2210806.1974789915,2.2108061974789917,0.19181098076524272,3.0,0.0,15.0,68.0,0.0
52,IMSI_1,2573529.411764706,2.573529411764706,3.1515304618818076,5.0,0.0,8.0,32.0,0.0
52,IMSI_2,2489495.7983193276,2.4894957983193278,25.099299159837862,15.0,0.0,2.0,9.0,0.0
52,IMSI_3,5257352.94117647,5.25735294117647,4.703814690791005,6.0,0.0,13.0,1.0,0.0
52,IMSI_4,2660845.588235294,2.660845588235294,-16.02277084300193,0.0,0.0,1.0,,0.0
52,IMSI_5,2210806.1974789915,2.2108061974789917,-2.181139352560476,3.0,0.0,15.0,68.0,0.0
52,IMSI_6,5257352.94117647,5.25735294117647,5.152517582182749,6.0,0.0,13.0,1.0,0.0
52,IMSI_7,1330422.794117647,1.330422794117647,-16.02277084300193,0.0,0.0,1.0,,0.0
52,IMSI_8,3139443.277310924,3.139443277310924,18.81875374681096,13.0,0.0,3.0,10.0,0.0
52,IMSI_9,1647190.12605042,1.64719012605042,-3.041431560477702,2.0,0.0,26.0,2.0,0.0
53,IMSI_0,2210806.1974789915,2.2108061974789917,-0.17609638460868482,3.0,0.0,15.0,68.0,0.0
53,IMSI_1,2573529.411764706,2.573529411764706,3.5012359556259827,5.0,0.0,8.0,32.0,0.0
53,IMSI_2,2489495.7983193276,2.4894957983193278,24.439870728635942,15.0,0.0,2.0,9.0,0.0
53,IMSI_3,5257352.94117647,5.25735294117647,5.01774447092325,6.0,0.0,13.0,1.0,0.0
53,IMSI_4,2660845.588235294,2.660845588235294,-16.02277084300193,0.0,0.0,1.0,,0.0
53,IMSI_5,2210806.1974789915,2.2108061974789917,-1.8421854411271896,3.0,0.0,15.0,68.0,0.0
53,IMSI_6,5257352.94117647,5.25735294117647,5.3103941080455455,6.0,0.0,13.0,1.0,0.0
53,IMSI_7,1330422.794117647,1.330422794117647,-16.02277084300193,0.0,0.0,1.0,,0.0
53,IMSI_8,3139443.277310924,3.139443277310924,19.072340594977764,13.0,0.0,3.0,10.0,0.0
53,IMSI_9,1647190.12605042,1.64719012605042,-2.97569436520817,2.0,0.0,26.0,2.0,0.0
54,IMSI_0,2210806.1974789915,2.2108061974789917,-0.5364800941728205,3.0,0.0,15.0,68.0,0.0
54,IMSI_1,2573529.411764706,2.573529411764706,3.8582988187475027,5.0,0.0,8.0,32.0,0.0
54,IMSI_2,2489495.7983193276,2.4894957983193278,23.643914948028844,15.0,0.0,2.0,9.0,0.0
54,IMSI_3,5257352.94117647,5.25735294117647,5.288487164730017,6.0,0.0,13.0,1.0,0.0
54,IMSI_4,2660845.588235294,2.660845588235294,-16.02277084300193,0.0,0.0,1.0,,0.0
54,IMSI_5,2210806.1974789915,2.2108061974789917,-1.497716846922029,3.0,0.0,15.0,68.0,0.0
54,IMSI_6,5257352.94117647,5.25735294117647,5.4564797265593326,6.0,0.0,13.0,1.0,0.0
54,IMSI_7,1330422.794117647,1.330422794117647,-16.02277084300193,0.0,0.0,1.0,,0.0
54,IMSI_8,3139443.277310924,3.139443277310924,19.317981640848192,13.0,0.0,3.0,10.0,0.0
54,IMSI_9,1647190.12605042,1.64719012605042,-2.942492856328443,2.0,0.0,26.0,2.0,0.0
