Time,Source,Destination,Length
0.0,172.30.1.250,172.30.1.1,103
0.1,172.30.1.250,172.30.1.1,131
0.2,172.30.1.1,172.30.1.250,194
0.3,172.30.1.1,172.30.1.250,194
0.4,172.30.1.250,172.30.1.1,111
0.5,172.30.1.250,172.30.1.1,104
0.6,172.30.1.1,172.30.1.250,127
0.7,172.30.1.1,172.30.1.250,177
0.8,172.30.1.1,172.30.1.250,125
0.9,172.30.1.250,172.30.1.1,189
1.0,172.30.1.250,172.30.1.1,128
1.1,172.30.1.1,172.30.1.250,135
1.2,172.30.1.250,172.30.1.1,100
1.3,172.30.1.250,172.30.1.1,120
1.4,172.30.1.250,172.30.1.1,143
1.5,172.30.1.1,172.30.1.250,127
1.6,172.30.1.250,172.30.1.1,143
1.7,172.30.1.1,172.30.1.250,148
1.8,172.30.1.1,172.30.1.250,144
1.9,172.30.1.250,172.30.1.1,105
2.0,172.30.1.250,172.30.1.1,168
2.1,172.30.1.1,172.30.1.250,148
2.2,172.30.1.1,172.30.1.250,137
2.3,172.30.1.250,172.30.1.1,179
2.4,172.30.1.250,172.30.1.1,146
2.5,172.30.1.250,172.30.1.1,190
2.6,172.30.1.1,172.30.1.250,184
2.7,172.30.1.1,172.30.1.250,137
2.8,172.30.1.250,172.30.1.1,129
2.9,172.30.1.250,172.30.1.1,148
3.0,172.30.1.1,172.30.1.250,181
3.1,172.30.1.250,172.30.1.1,120
3.2,172.30.1.1,172.30.1.250,126
3.3,172.30.1.250,172.30.1.1,189
3.4,172.30.1.250,172.30.1.1,182
3.5,172.30.1.1,172.30.1.250,181
3.6,172.30.1.1,172.30.1.250,193
3.7,172.30.1.1,172.30.1.250,159
3.8,172.30.1.1,172.30.1.250,181
3.9,172.30.1.250,172.30.1.1,128
4.0,172.30.1.250,172.30.1.1,198
4.1,172.30.1.250,172.30.1.1,129
4.2,172.30.1.250,172.30.1.1,140
4.3,172.30.1.1,172.30.1.250,108
4.4,172.30.1.1,172.30.1.250,172
4.5,172.30.1.250,172.30.1.1,140
4.6,172.30.1.1,172.30.1.250,163
4.7,172.30.1.1,172.30.1.250,182
4.8,172.30.1.1,172.30.1.250,133
4.9,172.30.1.1,172.30.1.250,195
5.0,172.30.1.250,172.30.1.1,133
5.1,172.30.1.250,172.30.1.1,154
5.2,172.30.1.250,172.30.1.1,151
5.3,172.30.1.1,172.30.1.250,117
5.4,172.30.1.250,172.30.1.1,111
5.5,172.30.1.250,172.30.1.1,114
5.6,172.30.1.1,172.30.1.250,120
5.7,172.30.1.250,172.30.1.1,154
5.8,172.30.1.250,172.30.1.1,149
5.9,172.30.1.1,172.30.1.250,159
6.0,172.30.1.250,172.30.1.1,170
6.1,172.30.1.250,172.30.1.1,101
6.2,172.30.1.250,172.30.1.1,114
6.3,172.30.1.250,172.30.1.1,168
6.4,172.30.1.250,172.30.1.1,198
6.5,172.30.1.250,172.30.1.1,114
6.6,172.30.1.1,172.30.1.250,120
6.7,172.30.1.1,172.30.1.250,192
6.8,172.30.1.250,172.30.1.1,133
6.9,172.30.1.250,172.30.1.1,197
7.0,172.30.1.1,172.30.1.250,113
7.1,172.30.1.250,172.30.1.1,138
7.2,172.30.1.250,172.30.1.1,164
7.3,172.30.1.250,172.30.1.1,119
7.4,172.30.1.1,172.30.1.250,120
7.5,172.30.1.250,172.30.1.1,199
7.6,172.30.1.250,172.30.1.1,100
7.7,172.30.1.250,172.30.1.1,162
7.8,172.30.1.1,172.30.1.250,146
7.9,172.30.1.250,172.30.1.1,139
8.0,172.30.1.1,172.30.1.250,130
8.1,172.30.1.250,172.30.1.1,110
8.2,172.30.1.1,172.30.1.250,162
8.3,172.30.1.250,172.30.1.1,197
8.4,172.30.1.250,172.30.1.1,116
8.5,172.30.1.1,172.30.1.250,160
8.6,172.30.1.250,172.30.1.1,121
8.7,172.30.1.1,172.30.1.250,177
8.8,172.30.1.1,172.30.1.250,127
8.9,172.30.1.250,172.30.1.1,196
9.0,172.30.1.250,172.30.1.1,125
9.1,172.30.1.250,172.30.1.1,151
9.2,172.30.1.250,172.30.1.1,183
9.3,172.30.1.1,172.30.1.250,166
9.4,172.30.1.1,172.30.1.250,131
9.5,172.30.1.1,172.30.1.250,143
9.6,172.30.1.1,172.30.1.250,170
9.7,172.30.1.1,172.30.1.250,128
9.8,172.30.1.1,172.30.1.250,190
9.9,172.30.1.250,172.30.1.1,129
10.0,172.30.1.1,172.30.1.250,104
10.1,172.30.1.250,172.30.1.1,109
10.2,172.30.1.250,172.30.1.1,135
10.3,172.30.1.250,172.30.1.1,127
10.4,172.30.1.250,172.30.1.1,192
10.5,172.30.1.250,172.30.1.1,173
10.6,172.30.1.250,172.30.1.1,131
10.7,172.30.1.250,172.30.1.1,152
10.8,172.30.1.1,172.30.1.250,112
10.9,172.30.1.250,172.30.1.1,145
11.0,172.30.1.1,172.30.1.250,159
11.1,172.30.1.250,172.30.1.1,106
11.2,172.30.1.250,172.30.1.1,182
11.3,172.30.1.1,172.30.1.250,151
11.4,172.30.1.250,172.30.1.1,113
11.5,172.30.1.1,172.30.1.250,124
11.6,172.30.1.250,172.30.1.1,117
11.7,172.30.1.1,172.30.1.250,135
11.8,172.30.1.1,172.30.1.250,109
11.9,172.30.1.1,172.30.1.250,170
12.0,172.30.1.1,172.30.1.250,183
12.1,172.30.1.250,172.30.1.1,101
12.2,172.30.1.250,172.30.1.1,196
12.3,172.30.1.250,172.30.1.1,121
12.4,172.30.1.1,172.30.1.250,161
12.5,172.30.1.1,172.30.1.250,151
12.6,172.30.1.250,172.30.1.1,121
12.7,172.30.1.1,172.30.1.250,149
12.8,172.30.1.1,172.30.1.250,200
12.9,172.30.1.250,172.30.1.1,136
13.0,172.30.1.1,172.30.1.250,193
13.1,172.30.1.250,172.30.1.1,171
13.2,172.30.1.250,172.30.1.1,162
13.3,172.30.1.1,172.30.1.250,137
13.4,172.30.1.1,172.30.1.250,107
13.5,172.30.1.250,172.30.1.1,169
13.6,172.30.1.1,172.30.1.250,140
13.7,172.30.1.1,172.30.1.250,174
13.8,172.30.1.1,172.30.1.250,167
13.9,172.30.1.1,172.30.1.250,165
14.0,172.30.1.1,172.30.1.250,123
14.1,172.30.1.1,172.30.1.250,108
14.2,172.30.1.250,172.30.1.1,130
14.3,172.30.1.1,172.30.1.250,172
14.4,172.30.1.1,172.30.1.250,176
14.5,172.30.1.1,172.30.1.250,110
14.6,172.30.1.1,172.30.1.250,174
14.7,172.30.1.250,172.30.1.1,140
14.8,172.30.1.250,172.30.1.1,126
14.9,172.30.1.250,172.30.1.1,140
15.0,172.30.1.1,172.30.1.250,150
15.1,172.30.1.1,172.30.1.250,182
15.2,172.30.1.1,172.30.1.250,140
15.3,172.30.1.250,172.30.1.1,109
15.4,172.30.1.1,172.30.1.250,179
15.5,172.30.1.250,172.30.1.1,112
15.6,172.30.1.1,172.30.1.250,127
15.7,172.30.1.250,172.30.1.1,116
15.8,172.30.1.250,172.30.1.1,108
15.9,172.30.1.250,172.30.1.1,147
16.0,172.30.1.1,172.30.1.250,156
16.1,172.30.1.250,172.30.1.1,190
16.2,172.30.1.1,172.30.1.250,183
16.3,172.30.1.250,172.30.1.1,185
16.4,172.30.1.250,172.30.1.1,138
16.5,172.30.1.250,172.30.1.1,113
16.6,172.30.1.250,172.30.1.1,117
16.7,172.30.1.1,172.30.1.250,113
16.8,172.30.1.250,172.30.1.1,119
16.9,172.30.1.1,172.30.1.250,177
17.0,172.30.1.1,172.30.1.250,143
17.1,172.30.1.1,172.30.1.250,181
17.2,172.30.1.250,172.30.1.1,164
17.3,172.30.1.1,172.30.1.250,106
17.4,172.30.1.1,172.30.1.250,154
17.5,172.30.1.250,172.30.1.1,105
17.6,172.30.1.1,172.30.1.250,198
17.7,172.30.1.1,172.30.1.250,133
17.8,172.30.1.1,172.30.1.250,156
17.9,172.30.1.250,172.30.1.1,154
18.0,172.30.1.250,172.30.1.1,114
18.1,172.30.1.1,172.30.1.250,188
18.2,172.30.1.250,172.30.1.1,169
18.3,172.30.1.1,172.30.1.250,147
18.4,172.30.1.250,172.30.1.1,118
18.5,172.30.1.1,172.30.1.250,105
18.6,172.30.1.1,172.30.1.250,105
18.7,172.30.1.250,172.30.1.1,126
18.8,172.30.1.250,172.30.1.1,185
18.9,172.30.1.1,172.30.1.250,199
19.0,172.30.1.250,172.30.1.1,152
19.1,172.30.1.250,172.30.1.1,195
19.2,172.30.1.1,172.30.1.250,130
19.3,172.30.1.250,172.30.1.1,122
19.4,172.30.1.250,172.30.1.1,103
19.5,172.30.1.1,172.30.1.250,142
19.6,172.30.1.250,172.30.1.1,152
19.7,172.30.1.250,172.30.1.1,194
19.8,172.30.1.250,172.30.1.1,134
19.9,172.30.1.1,172.30.1.250,189
20.0,172.30.1.1,172.30.1.250,104
20.1,172.30.1.250,172.30.1.1,128
20.2,172.30.1.1,172.30.1.250,158
20.3,172.30.1.1,172.30.1.250,129
20.4,172.30.1.1,172.30.1.250,184
20.5,172.30.1.1,172.30.1.250,142
20.6,172.30.1.1,172.30.1.250,108
20.7,172.30.1.250,172.30.1.1,135
20.8,172.30.1.1,172.30.1.250,165
20.9,172.30.1.1,172.30.1.250,168
21.0,172.30.1.1,172.30.1.250,103
21.1,172.30.1.1,172.30.1.250,133
21.2,172.30.1.1,172.30.1.250,133
21.3,172.30.1.1,172.30.1.250,176
21.4,172.30.1.1,172.30.1.250,193
21.5,172.30.1.250,172.30.1.1,155
21.6,172.30.1.250,172.30.1.1,165
21.7,172.30.1.1,172.30.1.250,173
21.8,172.30.1.1,172.30.1.250,105
21.9,172.30.1.250,172.30.1.1,100
22.0,172.30.1.250,172.30.1.1,168
22.1,172.30.1.250,172.30.1.1,194
22.2,172.30.1.250,172.30.1.1,125
22.3,172.30.1.1,172.30.1.250,108
22.4,172.30.1.250,172.30.1.1,142
22.5,172.30.1.250,172.30.1.1,184
22.6,172.30.1.250,172.30.1.1,192
22.7,172.30.1.250,172.30.1.1,164
22.8,172.30.1.1,172.30.1.250,152
22.9,172.30.1.1,172.30.1.250,189
23.0,172.30.1.1,172.30.1.250,116
23.1,172.30.1.1,172.30.1.250,185
23.2,172.30.1.250,172.30.1.1,186
23.3,172.30.1.250,172.30.1.1,122
23.4,172.30.1.250,172.30.1.1,138
23.5,172.30.1.1,172.30.1.250,100
23.6,172.30.1.1,172.30.1.250,126
23.7,172.30.1.1,172.30.1.250,174
23.8,172.30.1.250,172.30.1.1,141
23.9,172.30.1.1,172.30.1.250,156
24.0,172.30.1.250,172.30.1.1,165
24.1,172.30.1.1,172.30.1.250,194
24.2,172.30.1.1,172.30.1.250,110
24.3,172.30.1.1,172.30.1.250,184
24.4,172.30.1.250,172.30.1.1,142
24.5,172.30.1.1,172.30.1.250,196
24.6,172.30.1.1,172.30.1.250,139
24.7,172.30.1.1,172.30.1.250,125
24.8,172.30.1.1,172.30.1.250,105
24.9,172.30.1.1,172.30.1.250,160
25.0,172.30.1.250,172.30.1.1,198
25.1,172.30.1.1,172.30.1.250,153
25.2,172.30.1.250,172.30.1.1,173
25.3,172.30.1.1,172.30.1.250,189
25.4,172.30.1.1,172.30.1.250,151
25.5,172.30.1.1,172.30.1.250,183
25.6,172.30.1.250,172.30.1.1,196
25.7,172.30.1.250,172.30.1.1,113
25.8,172.30.1.250,172.30.1.1,128
25.9,172.30.1.1,172.30.1.250,189
26.0,172.30.1.250,172.30.1.1,106
26.1,172.30.1.250,172.30.1.1,115
26.2,172.30.1.1,172.30.1.250,159
26.3,172.30.1.250,172.30.1.1,171
26.4,172.30.1.250,172.30.1.1,196
26.5,172.30.1.250,172.30.1.1,178
26.6,172.30.1.250,172.30.1.1,164
26.7,172.30.1.1,172.30.1.250,170
26.8,172.30.1.1,172.30.1.250,120
26.9,172.30.1.250,172.30.1.1,160
27.0,172.30.1.1,172.30.1.250,196
27.1,172.30.1.1,172.30.1.250,181
27.2,172.30.1.1,172.30.1.250,199
27.3,172.30.1.250,172.30.1.1,180
27.4,172.30.1.1,172.30.1.250,156
27.5,172.30.1.1,172.30.1.250,136
27.6,172.30.1.1,172.30.1.250,142
27.7,172.30.1.1,172.30.1.250,169
27.8,172.30.1.1,172.30.1.250,119
27.9,172.30.1.1,172.30.1.250,188
28.0,172.30.1.1,172.30.1.250,127
28.1,172.30.1.1,172.30.1.250,152
28.2,172.30.1.1,172.30.1.250,159
28.3,172.30.1.1,172.30.1.250,126
28.4,172.30.1.250,172.30.1.1,149
28.5,172.30.1.250,172.30.1.1,174
28.6,172.30.1.250,172.30.1.1,102
28.7,172.30.1.250,172.30.1.1,197
28.8,172.30.1.250,172.30.1.1,161
28.9,172.30.1.1,172.30.1.250,145
29.0,172.30.1.1,172.30.1.250,149
29.1,172.30.1.250,172.30.1.1,153
29.2,172.30.1.250,172.30.1.1,194
29.3,172.30.1.250,172.30.1.1,177
29.4,172.30.1.250,172.30.1.1,162
29.5,172.30.1.1,172.30.1.250,155
29.6,172.30.1.1,172.30.1.250,149
29.7,172.30.1.1,172.30.1.250,186
29.8,172.30.1.250,172.30.1.1,192
29.9,172.30.1.1,172.30.1.250,159
30.0,172.30.1.250,172.30.1.1,179
30.1,172.30.1.250,172.30.1.1,150
30.2,172.30.1.250,172.30.1.1,184
30.3,172.30.1.1,172.30.1.250,182
30.4,172.30.1.1,172.30.1.250,159
30.5,172.30.1.1,172.30.1.250,133
30.6,172.30.1.1,172.30.1.250,127
30.7,172.30.1.1,172.30.1.250,143
30.8,172.30.1.250,172.30.1.1,148
30.9,172.30.1.1,172.30.1.250,153
31.0,172.30.1.1,172.30.1.250,110
31.1,172.30.1.1,172.30.1.250,195
31.2,172.30.1.250,172.30.1.1,144
31.3,172.30.1.1,172.30.1.250,108
31.4,172.30.1.250,172.30.1.1,183
31.5,172.30.1.1,172.30.1.250,103
31.6,172.30.1.250,172.30.1.1,125
31.7,172.30.1.250,172.30.1.1,179
31.8,172.30.1.1,172.30.1.250,116
31.9,172.30.1.1,172.30.1.250,114
32.0,172.30.1.250,172.30.1.1,127
32.1,172.30.1.1,172.30.1.250,132
32.2,172.30.1.250,172.30.1.1,121
32.3,172.30.1.250,172.30.1.1,195
32.4,172.30.1.250,172.30.1.1,199
32.5,172.30.1.250,172.30.1.1,139
32.6,172.30.1.1,172.30.1.250,103
32.7,172.30.1.250,172.30.1.1,173
32.8,172.30.1.250,172.30.1.1,148
32.9,172.30.1.1,172.30.1.250,191
33.0,172.30.1.1,172.30.1.250,175
33.1,172.30.1.250,172.30.1.1,180
33.2,172.30.1.1,172.30.1.250,189
33.3,172.30.1.250,172.30.1.1,187
33.4,172.30.1.250,172.30.1.1,115
33.5,172.30.1.250,172.30.1.1,172
33.6,172.30.1.250,172.30.1.1,144
33.7,172.30.1.250,172.30.1.1,184
33.8,172.30.1.1,172.30.1.250,164
33.9,172.30.1.250,172.30.1.1,101
34.0,172.30.1.250,172.30.1.1,162
34.1,172.30.1.1,172.30.1.250,146
34.2,172.30.1.250,172.30.1.1,158
34.3,172.30.1.250,172.30.1.1,155
34.4,172.30.1.1,172.30.1.250,166
34.5,172.30.1.250,172.30.1.1,134
34.6,172.30.1.250,172.30.1.1,168
34.7,172.30.1.250,172.30.1.1,159
34.8,172.30.1.1,172.30.1.250,193
34.9,172.30.1.250,172.30.1.1,141
35.0,172.30.1.250,172.30.1.1,111
35.1,172.30.1.1,172.30.1.250,157
35.2,172.30.1.1,172.30.1.250,159
35.3,172.30.1.250,172.30.1.1,185
35.4,172.30.1.1,172.30.1.250,103
35.5,172.30.1.1,172.30.1.250,141
35.6,172.30.1.1,172.30.1.250,127
35.7,172.30.1.1,172.30.1.250,133
35.8,172.30.1.1,172.30.1.250,176
35.9,172.30.1.250,172.30.1.1,135
36.0,172.30.1.250,172.30.1.1,166
36.1,172.30.1.250,172.30.1.1,110
36.2,172.30.1.1,172.30.1.250,152
36.3,172.30.1.1,172.30.1.250,197
36.4,172.30.1.1,172.30.1.250,160
36.5,172.30.1.250,172.30.1.1,162
36.6,172.30.1.1,172.30.1.250,102
36.7,172.30.1.1,172.30.1.250,128
36.8,172.30.1.1,172.30.1.250,131
36.9,172.30.1.1,172.30.1.250,174
37.0,172.30.1.1,172.30.1.250,170
37.1,172.30.1.250,172.30.1.1,154
37.2,172.30.1.250,172.30.1.1,170
37.3,172.30.1.1,172.30.1.250,189
37.4,172.30.1.1,172.30.1.250,139
37.5,172.30.1.1,172.30.1.250,115
37.6,172.30.1.250,172.30.1.1,140
37.7,172.30.1.1,172.30.1.250,168
37.8,172.30.1.250,172.30.1.1,188
37.9,172.30.1.1,172.30.1.250,127
38.0,172.30.1.250,172.30.1.1,135
38.1,172.30.1.250,172.30.1.1,197
38.2,172.30.1.250,172.30.1.1,136
38.3,172.30.1.250,172.30.1.1,124
38.4,172.30.1.1,172.30.1.250,146
38.5,172.30.1.1,172.30.1.250,101
38.6,172.30.1.250,172.30.1.1,116
38.7,172.30.1.1,172.30.1.250,106
38.8,172.30.1.250,172.30.1.1,189
38.9,172.30.1.250,172.30.1.1,181
39.0,172.30.1.250,172.30.1.1,162
39.1,172.30.1.1,172.30.1.250,101
39.2,172.30.1.250,172.30.1.1,160
39.3,172.30.1.1,172.30.1.250,143
39.4,172.30.1.1,172.30.1.250,106
39.5,172.30.1.1,172.30.1.250,161
39.6,172.30.1.1,172.30.1.250,108
39.7,172.30.1.1,172.30.1.250,109
39.8,172.30.1.250,172.30.1.1,187
39.9,172.30.1.1,172.30.1.250,119
40.0,172.30.1.250,172.30.1.1,138
40.1,172.30.1.1,172.30.1.250,131
40.2,172.30.1.1,172.30.1.250,197
40.3,172.30.1.1,172.30.1.250,176
40.4,172.30.1.250,172.30.1.1,128
40.5,172.30.1.250,172.30.1.1,148
40.6,172.30.1.1,172.30.1.250,156
40.7,172.30.1.1,172.30.1.250,175
40.8,172.30.1.250,172.30.1.1,139
40.9,172.30.1.250,172.30.1.1,107
41.0,172.30.1.250,172.30.1.1,194
41.1,172.30.1.1,172.30.1.250,197
41.2,172.30.1.1,172.30.1.250,127
41.3,172.30.1.1,172.30.1.250,110
41.4,172.30.1.1,172.30.1.250,122
41.5,172.30.1.250,172.30.1.1,120
41.6,172.30.1.1,172.30.1.250,157
41.7,172.30.1.250,172.30.1.1,160
41.8,172.30.1.1,172.30.1.250,129
41.9,172.30.1.1,172.30.1.250,136
42.0,172.30.1.250,172.30.1.1,158
42.1,172.30.1.1,172.30.1.250,129
42.2,172.30.1.250,172.30.1.1,200
42.3,172.30.1.250,172.30.1.1,175
42.4,172.30.1.250,172.30.1.1,125
42.5,172.30.1.1,172.30.1.250,169
42.6,172.30.1.1,172.30.1.250,119
42.7,172.30.1.250,172.30.1.1,118
42.8,172.30.1.1,172.30.1.250,121
42.9,172.30.1.250,172.30.1.1,176
43.0,172.30.1.250,172.30.1.1,172
43.1,172.30.1.250,172.30.1.1,156
43.2,172.30.1.1,172.30.1.250,188
43.3,172.30.1.1,172.30.1.250,151
43.4,172.30.1.250,172.30.1.1,164
43.5,172.30.1.250,172.30.1.1,156
43.6,172.30.1.1,172.30.1.250,105
43.7,172.30.1.250,172.30.1.1,194
43.8,172.30.1.1,172.30.1.250,132
43.9,172.30.1.1,172.30.1.250,129
44.0,172.30.1.250,172.30.1.1,173
44.1,172.30.1.250,172.30.1.1,102
44.2,172.30.1.250,172.30.1.1,186
44.3,172.30.1.250,172.30.1.1,173
44.4,172.30.1.1,172.30.1.250,196
44.5,172.30.1.1,172.30.1.250,166
44.6,172.30.1.250,172.30.1.1,135
44.7,172.30.1.1,172.30.1.250,174
44.8,172.30.1.1,172.30.1.250,162
44.9,172.30.1.250,172.30.1.1,160
45.0,172.30.1.1,172.30.1.250,142
45.1,172.30.1.1,172.30.1.250,113
45.2,172.30.1.250,172.30.1.1,142
45.3,172.30.1.1,172.30.1.250,163
45.4,172.30.1.1,172.30.1.250,151
45.5,172.30.1.250,172.30.1.1,170
45.6,172.30.1.1,172.30.1.250,111
45.7,172.30.1.1,172.30.1.250,141
45.8,172.30.1.1,172.30.1.250,198
45.9,172.30.1.1,172.30.1.250,165
46.0,172.30.1.250,172.30.1.1,100
46.1,172.30.1.250,172.30.1.1,169
46.2,172.30.1.1,172.30.1.250,106
46.3,172.30.1.1,172.30.1.250,146
46.4,172.30.1.250,172.30.1.1,163
46.5,172.30.1.250,172.30.1.1,197
46.6,172.30.1.1,172.30.1.250,134
46.7,172.30.1.250,172.30.1.1,136
46.8,172.30.1.1,172.30.1.250,189
46.9,172.30.1.1,172.30.1.250,103
47.0,172.30.1.250,172.30.1.1,177
47.1,172.30.1.250,172.30.1.1,190
47.2,172.30.1.1,172.30.1.250,170
47.3,172.30.1.1,172.30.1.250,152
47.4,172.30.1.1,172.30.1.250,114
47.5,172.30.1.1,172.30.1.250,115
47.6,172.30.1.250,172.30.1.1,119
47.7,172.30.1.1,172.30.1.250,191
47.8,172.30.1.1,172.30.1.250,190
47.9,172.30.1.1,172.30.1.250,161
48.0,172.30.1.250,172.30.1.1,131
48.1,172.30.1.1,172.30.1.250,118
48.2,172.30.1.1,172.30.1.250,176
48.3,172.30.1.250,172.30.1.1,117
48.4,172.30.1.250,172.30.1.1,135
48.5,172.30.1.250,172.30.1.1,153
48.6,172.30.1.1,172.30.1.250,200
48.7,172.30.1.250,172.30.1.1,100
48.8,172.30.1.1,172.30.1.250,138
48.9,172.30.1.250,172.30.1.1,174
49.0,172.30.1.250,172.30.1.1,162
49.1,172.30.1.250,172.30.1.1,157
49.2,172.30.1.250,172.30.1.1,144
49.3,172.30.1.1,172.30.1.250,197
49.4,172.30.1.250,172.30.1.1,158
49.5,172.30.1.250,172.30.1.1,124
49.6,172.30.1.250,172.30.1.1,130
49.7,172.30.1.250,172.30.1.1,129
49.8,172.30.1.250,172.30.1.1,152
49.9,172.30.1.1,172.30.1.250,195
50.0,172.30.1.1,172.30.1.250,148
50.1,172.30.1.1,172.30.1.250,184
50.2,172.30.1.250,172.30.1.1,183
50.3,172.30.1.250,172.30.1.1,163
50.4,172.30.1.250,172.30.1.1,116
50.5,172.30.1.250,172.30.1.1,175
50.6,172.30.1.1,172.30.1.250,112
50.7,172.30.1.250,172.30.1.1,156
50.8,172.30.1.1,172.30.1.250,158
50.9,172.30.1.1,172.30.1.250,118
51.0,172.30.1.1,172.30.1.250,183
51.1,172.30.1.250,172.30.1.1,109
51.2,172.30.1.1,172.30.1.250,133
51.3,172.30.1.1,172.30.1.250,188
51.4,172.30.1.1,172.30.1.250,110
51.5,172.30.1.250,172.30.1.1,186
51.6,172.30.1.250,172.30.1.1,148
51.7,172.30.1.250,172.30.1.1,180
51.8,172.30.1.250,172.30.1.1,197
51.9,172.30.1.1,172.30.1.250,169
52.0,172.30.1.1,172.30.1.250,108
52.1,172.30.1.1,172.30.1.250,187
52.2,172.30.1.250,172.30.1.1,129
52.3,172.30.1.250,172.30.1.1,155
52.4,172.30.1.250,172.30.1.1,197
52.5,172.30.1.250,172.30.1.1,112
52.6,172.30.1.1,172.30.1.250,188
52.7,172.30.1.1,172.30.1.250,103
52.8,172.30.1.1,172.30.1.250,107
52.9,172.30.1.1,172.30.1.250,147
53.0,172.30.1.1,172.30.1.250,131
53.1,172.30.1.250,172.30.1.1,172
53.2,172.30.1.250,172.30.1.1,123
53.3,172.30.1.1,172.30.1.250,110
53.4,172.30.1.250,172.30.1.1,148
53.5,172.30.1.250,172.30.1.1,130
53.6,172.30.1.1,172.30.1.250,174
53.7,172.30.1.1,172.30.1.250,159
53.8,172.30.1.250,172.30.1.1,158
53.9,172.30.1.1,172.30.1.250,101
54.0,172.30.1.250,172.30.1.1,159
54.1,172.30.1.250,172.30.1.1,186
54.2,172.30.1.250,172.30.1.1,109
54.3,172.30.1.1,172.30.1.250,144
54.4,172.30.1.250,172.30.1.1,138
54.5,172.30.1.250,172.30.1.1,154
54.6,172.30.1.250,172.30.1.1,158
54.7,172.30.1.250,172.30.1.1,125
54.8,172.30.1.250,172.30.1.1,161
54.9,172.30.1.1,172.30.1.250,148
55.0,172.30.1.250,172.30.1.1,173
55.1,172.30.1.1,172.30.1.250,189
55.2,172.30.1.1,172.30.1.250,184
55.3,172.30.1.1,172.30.1.250,101
55.4,172.30.1.250,172.30.1.1,187
55.5,172.30.1.250,172.30.1.1,106
55.6,172.30.1.250,172.30.1.1,195
55.7,172.30.1.1,172.30.1.250,136
55.8,172.30.1.250,172.30.1.1,129
55.9,172.30.1.250,172.30.1.1,145
56.0,172.30.1.1,172.30.1.250,124
56.1,172.30.1.250,172.30.1.1,186
56.2,172.30.1.250,172.30.1.1,198
56.3,172.30.1.250,172.30.1.1,117
56.4,172.30.1.250,172.30.1.1,180
56.5,172.30.1.250,172.30.1.1,139
56.6,172.30.1.250,172.30.1.1,104
56.7,172.30.1.250,172.30.1.1,193
56.8,172.30.1.1,172.30.1.250,137
56.9,172.30.1.1,172.30.1.250,153
57.0,172.30.1.1,172.30.1.250,116
57.1,172.30.1.250,172.30.1.1,146
57.2,172.30.1.250,172.30.1.1,134
57.3,172.30.1.250,172.30.1.1,132
57.4,172.30.1.250,172.30.1.1,161
57.5,172.30.1.250,172.30.1.1,137
57.6,172.30.1.250,172.30.1.1,143
57.7,172.30.1.250,172.30.1.1,159
57.8,172.30.1.250,172.30.1.1,118
57.9,172.30.1.250,172.30.1.1,128
58.0,172.30.1.250,172.30.1.1,192
58.1,172.30.1.250,172.30.1.1,150
58.2,172.30.1.250,172.30.1.1,171
58.3,172.30.1.1,172.30.1.250,150
58.4,172.30.1.1,172.30.1.250,168
58.5,172.30.1.1,172.30.1.250,147
58.6,172.30.1.250,172.30.1.1,186
58.7,172.30.1.1,172.30.1.250,148
58.8,172.30.1.250,172.30.1.1,147
58.9,172.30.1.1,172.30.1.250,129
59.0,172.30.1.1,172.30.1.250,179
59.1,172.30.1.250,172.30.1.1,171
59.2,172.30.1.1,172.30.1.250,178
59.3,172.30.1.1,172.30.1.250,108
59.4,172.30.1.250,172.30.1.1,159
59.5,172.30.1.250,172.30.1.1,138
59.6,172.30.1.250,172.30.1.1,114
59.7,172.30.1.1,172.30.1.250,104
59.8,172.30.1.1,172.30.1.250,163
59.9,172.30.1.1,172.30.1.250,130
60.0,172.30.1.250,172.30.1.1,117
60.1,172.30.1.1,172.30.1.250,147
60.2,172.30.1.250,172.30.1.1,195
60.3,172.30.1.250,172.30.1.1,169
60.4,172.30.1.1,172.30.1.250,195
60.5,172.30.1.250,172.30.1.1,153
60.6,172.30.1.250,172.30.1.1,162
60.7,172.30.1.250,172.30.1.1,135
60.8,172.30.1.1,172.30.1.250,147
60.9,172.30.1.1,172.30.1.250,156
61.0,172.30.1.250,172.30.1.1,146
61.1,172.30.1.1,172.30.1.250,187
61.2,172.30.1.1,172.30.1.250,182
61.3,172.30.1.1,172.30.1.250,150
61.4,172.30.1.1,172.30.1.250,115
61.5,172.30.1.250,172.30.1.1,158
61.6,172.30.1.1,172.30.1.250,127
61.7,172.30.1.250,172.30.1.1,176
61.8,172.30.1.250,172.30.1.1,106
61.9,172.30.1.250,172.30.1.1,131
62.0,172.30.1.250,172.30.1.1,200
62.1,172.30.1.250,172.30.1.1,108
62.2,172.30.1.250,172.30.1.1,170
62.3,172.30.1.1,172.30.1.250,127
62.4,172.30.1.250,172.30.1.1,129
62.5,172.30.1.1,172.30.1.250,118
62.6,172.30.1.250,172.30.1.1,176
62.7,172.30.1.1,172.30.1.250,118
62.8,172.30.1.250,172.30.1.1,169
62.9,172.30.1.1,172.30.1.250,122
63.0,172.30.1.1,172.30.1.250,103
63.1,172.30.1.1,172.30.1.250,145
63.2,172.30.1.250,172.30.1.1,130
63.3,172.30.1.250,172.30.1.1,102
63.4,172.30.1.1,172.30.1.250,106
63.5,172.30.1.1,172.30.1.250,153
63.6,172.30.1.250,172.30.1.1,195
63.7,172.30.1.1,172.30.1.250,157
63.8,172.30.1.250,172.30.1.1,165
63.9,172.30.1.250,172.30.1.1,157
64.0,172.30.1.250,172.30.1.1,178
64.1,172.30.1.1,172.30.1.250,200
64.2,172.30.1.250,172.30.1.1,184
64.3,172.30.1.250,172.30.1.1,158
64.4,172.30.1.250,172.30.1.1,103
64.5,172.30.1.1,172.30.1.250,161
64.6,172.30.1.250,172.30.1.1,154
64.7,172.30.1.250,172.30.1.1,162
64.8,172.30.1.250,172.30.1.1,156
64.9,172.30.1.1,172.30.1.250,110
65.0,172.30.1.1,172.30.1.250,118
65.1,172.30.1.1,172.30.1.250,135
65.2,172.30.1.250,172.30.1.1,174
65.3,172.30.1.250,172.30.1.1,141
65.4,172.30.1.1,172.30.1.250,176
65.5,172.30.1.250,172.30.1.1,158
65.6,172.30.1.250,172.30.1.1,155
65.7,172.30.1.1,172.30.1.250,189
65.8,172.30.1.1,172.30.1.250,183
65.9,172.30.1.250,172.30.1.1,198
66.0,172.30.1.250,172.30.1.1,127
66.1,172.30.1.1,172.30.1.250,129
66.2,172.30.1.1,172.30.1.250,158
66.3,172.30.1.1,172.30.1.250,193
66.4,172.30.1.1,172.30.1.250,154
66.5,172.30.1.1,172.30.1.250,132
66.6,172.30.1.1,172.30.1.250,119
66.7,172.30.1.250,172.30.1.1,160
66.8,172.30.1.1,172.30.1.250,110
66.9,172.30.1.1,172.30.1.250,112
67.0,172.30.1.250,172.30.1.1,147
67.1,172.30.1.250,172.30.1.1,171
67.2,172.30.1.1,172.30.1.250,171
67.3,172.30.1.250,172.30.1.1,185
67.4,172.30.1.1,172.30.1.250,145
67.5,172.30.1.250,172.30.1.1,196
67.6,172.30.1.1,172.30.1.250,192
67.7,172.30.1.1,172.30.1.250,136
67.8,172.30.1.250,172.30.1.1,145
67.9,172.30.1.1,172.30.1.250,164
68.0,172.30.1.1,172.30.1.250,184
68.1,172.30.1.1,172.30.1.250,113
68.2,172.30.1.1,172.30.1.250,171
68.3,172.30.1.1,172.30.1.250,197
68.4,172.30.1.1,172.30.1.250,128
68.5,172.30.1.250,172.30.1.1,171
68.6,172.30.1.250,172.30.1.1,179
68.7,172.30.1.250,172.30.1.1,182
68.8,172.30.1.250,172.30.1.1,177
68.9,172.30.1.250,172.30.1.1,188
69.0,172.30.1.1,172.30.1.250,123
69.1,172.30.1.1,172.30.1.250,197
69.2,172.30.1.1,172.30.1.250,143
69.3,172.30.1.1,172.30.1.250,123
69.4,172.30.1.250,172.30.1.1,172
69.5,172.30.1.250,172.30.1.1,108
69.6,172.30.1.1,172.30.1.250,181
69.7,172.30.1.250,172.30.1.1,111
69.8,172.30.1.250,172.30.1.1,127
69.9,172.30.1.1,172.30.1.250,158
70.0,172.30.1.1,172.30.1.250,147
70.1,172.30.1.1,172.30.1.250,141
70.2,172.30.1.250,172.30.1.1,172
70.3,172.30.1.250,172.30.1.1,106
70.4,172.30.1.1,172.30.1.250,196
70.5,172.30.1.250,172.30.1.1,186
70.6,172.30.1.1,172.30.1.250,156
70.7,172.30.1.250,172.30.1.1,162
70.8,172.30.1.250,172.30.1.1,153
70.9,172.30.1.1,172.30.1.250,196
71.0,172.30.1.250,172.30.1.1,144
71.1,172.30.1.1,172.30.1.250,136
71.2,172.30.1.250,172.30.1.1,175
71.3,172.30.1.1,172.30.1.250,185
71.4,172.30.1.1,172.30.1.250,128
71.5,172.30.1.1,172.30.1.250,176
71.6,172.30.1.1,172.30.1.250,126
71.7,172.30.1.1,172.30.1.250,127
71.8,172.30.1.250,172.30.1.1,197
71.9,172.30.1.1,172.30.1.250,141
72.0,172.30.1.1,172.30.1.250,163
72.1,172.30.1.250,172.30.1.1,122
72.2,172.30.1.1,172.30.1.250,168
72.3,172.30.1.250,172.30.1.1,164
72.4,172.30.1.250,172.30.1.1,185
72.5,172.30.1.250,172.30.1.1,109
72.6,172.30.1.1,172.30.1.250,194
72.7,172.30.1.1,172.30.1.250,102
72.8,172.30.1.1,172.30.1.250,109
72.9,172.30.1.250,172.30.1.1,173
73.0,172.30.1.1,172.30.1.250,151
73.1,172.30.1.250,172.30.1.1,153
73.2,172.30.1.1,172.30.1.250,151
73.3,172.30.1.1,172.30.1.250,141
73.4,172.30.1.1,172.30.1.250,179
73.5,172.30.1.1,172.30.1.250,188
73.6,172.30.1.250,172.30.1.1,111
73.7,172.30.1.1,172.30.1.250,113
73.8,172.30.1.1,172.30.1.250,175
73.9,172.30.1.1,172.30.1.250,110
74.0,172.30.1.1,172.30.1.250,139
74.1,172.30.1.250,172.30.1.1,128
74.2,172.30.1.1,172.30.1.250,121
74.3,172.30.1.1,172.30.1.250,181
74.4,172.30.1.1,172.30.1.250,165
74.5,172.30.1.1,172.30.1.250,199
74.6,172.30.1.1,172.30.1.250,193
74.7,172.30.1.250,172.30.1.1,182
74.8,172.30.1.250,172.30.1.1,130
74.9,172.30.1.1,172.30.1.250,132
75.0,172.30.1.1,172.30.1.250,177
75.1,172.30.1.1,172.30.1.250,197
75.2,172.30.1.250,172.30.1.1,122
75.3,172.30.1.250,172.30.1.1,180
75.4,172.30.1.1,172.30.1.250,196
75.5,172.30.1.250,172.30.1.1,174
75.6,172.30.1.1,172.30.1.250,172
75.7,172.30.1.250,172.30.1.1,179
75.8,172.30.1.1,172.30.1.250,180
75.9,172.30.1.1,172.30.1.250,156
76.0,172.30.1.1,172.30.1.250,156
76.1,172.30.1.250,172.30.1.1,135
76.2,172.30.1.250,172.30.1.1,145
76.3,172.30.1.250,172.30.1.1,139
76.4,172.30.1.1,172.30.1.250,104
76.5,172.30.1.1,172.30.1.250,136
76.6,172.30.1.1,172.30.1.250,111
76.7,172.30.1.250,172.30.1.1,164
76.8,172.30.1.1,172.30.1.250,174
76.9,172.30.1.250,172.30.1.1,194
77.0,172.30.1.250,172.30.1.1,157
77.1,172.30.1.250,172.30.1.1,173
77.2,172.30.1.250,172.30.1.1,141
77.3,172.30.1.250,172.30.1.1,164
77.4,172.30.1.1,172.30.1.250,107
77.5,172.30.1.1,172.30.1.250,143
77.6,172.30.1.250,172.30.1.1,110
77.7,172.30.1.250,172.30.1.1,122
77.8,172.30.1.1,172.30.1.250,190
77.9,172.30.1.1,172.30.1.250,156
78.0,172.30.1.250,172.30.1.1,178
78.1,172.30.1.1,172.30.1.250,147
78.2,172.30.1.250,172.30.1.1,149
78.3,172.30.1.1,172.30.1.250,143
78.4,172.30.1.250,172.30.1.1,106
78.5,172.30.1.250,172.30.1.1,182
78.6,172.30.1.1,172.30.1.250,142
78.7,172.30.1.1,172.30.1.250,186
78.8,172.30.1.1,172.30.1.250,132
78.9,172.30.1.250,172.30.1.1,184
79.0,172.30.1.250,172.30.1.1,177
79.1,172.30.1.250,172.30.1.1,142
79.2,172.30.1.1,172.30.1.250,184
79.3,172.30.1.1,172.30.1.250,144
79.4,172.30.1.1,172.30.1.250,183
79.5,172.30.1.250,172.30.1.1,150
79.6,172.30.1.1,172.30.1.250,190
79.7,172.30.1.250,172.30.1.1,139
79.8,172.30.1.250,172.30.1.1,182
79.9,172.30.1.250,172.30.1.1,116
80.0,172.30.1.250,172.30.1.1,194
80.1,172.30.1.250,172.30.1.1,167
80.2,172.30.1.1,172.30.1.250,185
80.3,172.30.1.1,172.30.1.250,146
80.4,172.30.1.1,172.30.1.250,139
80.5,172.30.1.1,172.30.1.250,127
80.6,172.30.1.1,172.30.1.250,198
80.7,172.30.1.1,172.30.1.250,128
80.8,172.30.1.250,172.30.1.1,119
80.9,172.30.1.1,172.30.1.250,200
81.0,172.30.1.1,172.30.1.250,198
81.1,172.30.1.250,172.30.1.1,194
81.2,172.30.1.250,172.30.1.1,104
81.3,172.30.1.250,172.30.1.1,198
81.4,172.30.1.250,172.30.1.1,176
81.5,172.30.1.1,172.30.1.250,120
81.6,172.30.1.1,172.30.1.250,188
81.7,172.30.1.250,172.30.1.1,121
81.8,172.30.1.250,172.30.1.1,105
81.9,172.30.1.1,172.30.1.250,186
82.0,172.30.1.250,172.30.1.1,156
82.1,172.30.1.250,172.30.1.1,196
82.2,172.30.1.250,172.30.1.1,157
82.3,172.30.1.1,172.30.1.250,130
82.4,172.30.1.1,172.30.1.250,200
82.5,172.30.1.1,172.30.1.250,124
82.6,172.30.1.1,172.30.1.250,173
82.7,172.30.1.250,172.30.1.1,159
82.8,172.30.1.250,172.30.1.1,199
82.9,172.30.1.1,172.30.1.250,167
83.0,172.30.1.1,172.30.1.250,120
83.1,172.30.1.250,172.30.1.1,177
83.2,172.30.1.1,172.30.1.250,132
83.3,172.30.1.1,172.30.1.250,161
83.4,172.30.1.250,172.30.1.1,170
83.5,172.30.1.250,172.30.1.1,191
83.6,172.30.1.250,172.30.1.1,115
83.7,172.30.1.1,172.30.1.250,197
83.8,172.30.1.1,172.30.1.250,157
83.9,172.30.1.250,172.30.1.1,118
84.0,172.30.1.250,172.30.1.1,111
84.1,172.30.1.250,172.30.1.1,128
84.2,172.30.1.250,172.30.1.1,144
84.3,172.30.1.250,172.30.1.1,153
84.4,172.30.1.1,172.30.1.250,164
84.5,172.30.1.1,172.30.1.250,149
84.6,172.30.1.250,172.30.1.1,147
84.7,172.30.1.1,172.30.1.250,140
84.8,172.30.1.250,172.30.1.1,191
84.9,172.30.1.250,172.30.1.1,118
85.0,172.30.1.1,172.30.1.250,136
85.1,172.30.1.250,172.30.1.1,160
85.2,172.30.1.250,172.30.1.1,117
85.3,172.30.1.250,172.30.1.1,160
85.4,172.30.1.1,172.30.1.250,100
85.5,172.30.1.250,172.30.1.1,102
85.6,172.30.1.1,172.30.1.250,119
85.7,172.30.1.250,172.30.1.1,193
85.8,172.30.1.250,172.30.1.1,154
85.9,172.30.1.1,172.30.1.250,136
86.0,172.30.1.1,172.30.1.250,115
86.1,172.30.1.1,172.30.1.250,153
86.2,172.30.1.250,172.30.1.1,179
86.3,172.30.1.1,172.30.1.250,114
86.4,172.30.1.250,172.30.1.1,163
86.5,172.30.1.250,172.30.1.1,102
86.6,172.30.1.250,172.30.1.1,173
86.7,172.30.1.1,172.30.1.250,118
86.8,172.30.1.1,172.30.1.250,100
86.9,172.30.1.250,172.30.1.1,130
87.0,172.30.1.250,172.30.1.1,123
87.1,172.30.1.250,172.30.1.1,110
87.2,172.30.1.250,172.30.1.1,146
87.3,172.30.1.1,172.30.1.250,167
87.4,172.30.1.250,172.30.1.1,200
87.5,172.30.1.250,172.30.1.1,170
87.6,172.30.1.1,172.30.1.250,160
87.7,172.30.1.1,172.30.1.250,149
87.8,172.30.1.250,172.30.1.1,132
87.9,172.30.1.250,172.30.1.1,145
88.0,172.30.1.250,172.30.1.1,144
88.1,172.30.1.1,172.30.1.250,184
88.2,172.30.1.250,172.30.1.1,198
88.3,172.30.1.250,172.30.1.1,196
88.4,172.30.1.1,172.30.1.250,105
88.5,172.30.1.1,172.30.1.250,143
88.6,172.30.1.250,172.30.1.1,122
88.7,172.30.1.250,172.30.1.1,187
88.8,172.30.1.1,172.30.1.250,189
88.9,172.30.1.1,172.30.1.250,123
89.0,172.30.1.250,172.30.1.1,108
89.1,172.30.1.250,172.30.1.1,158
89.2,172.30.1.1,172.30.1.250,125
89.3,172.30.1.1,172.30.1.250,125
89.4,172.30.1.250,172.30.1.1,140
89.5,172.30.1.250,172.30.1.1,165
89.6,172.30.1.1,172.30.1.250,169
89.7,172.30.1.1,172.30.1.250,104
89.8,172.30.1.250,172.30.1.1,124
89.9,172.30.1.1,172.30.1.250,199
90.0,172.30.1.1,172.30.1.250,183
90.1,172.30.1.1,172.30.1.250,115
90.2,172.30.1.250,172.30.1.1,155
90.3,172.30.1.250,172.30.1.1,195
90.4,172.30.1.1,172.30.1.250,149
90.5,172.30.1.1,172.30.1.250,123
90.6,172.30.1.1,172.30.1.250,163
90.7,172.30.1.1,172.30.1.250,166
90.8,172.30.1.1,172.30.1.250,110
90.9,172.30.1.250,172.30.1.1,110
91.0,172.30.1.1,172.30.1.250,123
91.1,172.30.1.250,172.30.1.1,141
91.2,172.30.1.1,172.30.1.250,141
91.3,172.30.1.250,172.30.1.1,139
91.4,172.30.1.1,172.30.1.250,191
91.5,172.30.1.1,172.30.1.250,188
91.6,172.30.1.1,172.30.1.250,157
91.7,172.30.1.1,172.30.1.250,145
91.8,172.30.1.250,172.30.1.1,155
91.9,172.30.1.1,172.30.1.250,107
92.0,172.30.1.1,172.30.1.250,181
92.1,172.30.1.1,172.30.1.250,165
92.2,172.30.1.250,172.30.1.1,186
92.3,172.30.1.1,172.30.1.250,103
92.4,172.30.1.1,172.30.1.250,177
92.5,172.30.1.250,172.30.1.1,156
92.6,172.30.1.1,172.30.1.250,108
92.7,172.30.1.1,172.30.1.250,182
92.8,172.30.1.1,172.30.1.250,149
92.9,172.30.1.250,172.30.1.1,104
93.0,172.30.1.250,172.30.1.1,186
93.1,172.30.1.1,172.30.1.250,147
93.2,172.30.1.1,172.30.1.250,197
93.3,172.30.1.1,172.30.1.250,117
93.4,172.30.1.250,172.30.1.1,150
93.5,172.30.1.1,172.30.1.250,135
93.6,172.30.1.1,172.30.1.250,114
93.7,172.30.1.1,172.30.1.250,123
93.8,172.30.1.1,172.30.1.250,149
93.9,172.30.1.250,172.30.1.1,115
94.0,172.30.1.1,172.30.1.250,133
94.1,172.30.1.250,172.30.1.1,127
94.2,172.30.1.250,172.30.1.1,136
94.3,172.30.1.250,172.30.1.1,162
94.4,172.30.1.1,172.30.1.250,117
94.5,172.30.1.250,172.30.1.1,157
94.6,172.30.1.1,172.30.1.250,191
94.7,172.30.1.1,172.30.1.250,111
94.8,172.30.1.250,172.30.1.1,140
94.9,172.30.1.250,172.30.1.1,190
95.0,172.30.1.1,172.30.1.250,169
95.1,172.30.1.1,172.30.1.250,138
95.2,172.30.1.250,172.30.1.1,191
95.3,172.30.1.250,172.30.1.1,189
95.4,172.30.1.250,172.30.1.1,146
95.5,172.30.1.250,172.30.1.1,115
95.6,172.30.1.250,172.30.1.1,117
95.7,172.30.1.1,172.30.1.250,163
95.8,172.30.1.1,172.30.1.250,170
95.9,172.30.1.250,172.30.1.1,159
96.0,172.30.1.250,172.30.1.1,170
96.1,172.30.1.1,172.30.1.250,111
96.2,172.30.1.1,172.30.1.250,150
96.3,172.30.1.250,172.30.1.1,192
96.4,172.30.1.1,172.30.1.250,152
96.5,172.30.1.250,172.30.1.1,173
96.6,172.30.1.1,172.30.1.250,140
96.7,172.30.1.250,172.30.1.1,157
96.8,172.30.1.1,172.30.1.250,166
96.9,172.30.1.1,172.30.1.250,199
97.0,172.30.1.250,172.30.1.1,175
97.1,172.30.1.1,172.30.1.250,116
97.2,172.30.1.1,172.30.1.250,107
97.3,172.30.1.250,172.30.1.1,166
97.4,172.30.1.1,172.30.1.250,121
97.5,172.30.1.1,172.30.1.250,190
97.6,172.30.1.1,172.30.1.250,166
97.7,172.30.1.250,172.30.1.1,110
97.8,172.30.1.1,172.30.1.250,181
97.9,172.30.1.250,172.30.1.1,135
98.0,172.30.1.1,172.30.1.250,138
98.1,172.30.1.250,172.30.1.1,111
98.2,172.30.1.250,172.30.1.1,121
98.3,172.30.1.250,172.30.1.1,174
98.4,172.30.1.1,172.30.1.250,184
98.5,172.30.1.250,172.30.1.1,177
98.6,172.30.1.1,172.30.1.250,172
98.7,172.30.1.1,172.30.1.250,103
98.8,172.30.1.1,172.30.1.250,182
98.9,172.30.1.250,172.30.1.1,133
99.0,172.30.1.250,172.30.1.1,198
99.1,172.30.1.250,172.30.1.1,179
99.2,172.30.1.250,172.30.1.1,163
99.3,172.30.1.250,172.30.1.1,169
99.4,172.30.1.1,172.30.1.250,138
99.5,172.30.1.1,172.30.1.250,187
99.6,172.30.1.1,172.30.1.250,158
99.7,172.30.1.1,172.30.1.250,107
99.8,172.30.1.1,172.30.1.250,153
99.9,172.30.1.1,172.30.1.250,126
100.0,172.30.1.1,172.30.1.250,118
